94f568a1-92eb-4a05-b26b-da1acaa4e003,One Hell of a Day,Kostucha,7c2c6d6b-ffc2-49c7-8c9c-26b8455eb26f,,,,,,won,,,,,Dragon's Lair,,,,,,,,,,,,,,,,,,,,,,,,
55811a9b-3530-42ae-bf06-9a645d447218,One Hell of a Day,Quasar,faa56e7e-4b24-4fd5-a75c-6ef79a4b5f1e,,,,,,won,,,,,Another Perspective,,,,,,,,,,,,,,,,,,,,,,,,
435144f8-8ab7-4bab-a664-d26c0dd97559,One Hell of a Day,Legion,9b3ba1a6-e3b2-4966-a142-1ffa05002f97,,,,,,won,,,,,Panic Porcupine,,,,,,,,,,,,,,,,,,,,,,,,
d333c902-85ef-48f9-ae1c-ebc769480059,One Hell of a Day,LoyalDeath,36cb85be-ab7b-4293-b7ac-c2920297eaa2,,,,,,won,,,,,Cycle 28,,,,,,,,,,,,,,,,,,,,,,,,
06463908-cbb5-4a92-b546-4bde95b39c61,One Hell of a Day,Zelda,16e75bae-270a-48f0-abe9-5de4c81d3784,,,,,,won,,,,,ITTA,,,,,,,,,,,,,,,,,,,,,,,,
82b00457-550d-46f2-8467-d7752592c8c9,One Hell of a Day,Folkius,67bce20e-3306-4b83-8027-d6894d474740,,,,,,won,,,,,Tightrope Theater,,,,,,,,,,,,,,,,,,,,,,,,
3af31936-4881-4d1a-954e-c80d9bb20ec4,One Hell of a Day,leaf,89a106f5-4c9b-4b81-be82-fb3d360bf654,,,,,,won,,,,,Wraithslayer,,,,,,,,,,,,,,,,,,,,,,,,
dab5b132-00cf-4b3b-ae19-b76308632c76,One Hell of a Day,Snifidy,ac8c598c-dfa7-45ca-853b-9ca7fa631284,,,,,,won,,,,,Singled Out,,,,,,,,,,,,,,,,,,,,,,,,
50033abc-f30b-48ef-869c-105d68e81faf,One Hell of a Day,thatguy.,aeeae58d-74f3-44be-8755-a277b2f85643,,,,,,won,,,,,Tightrope Theatre,,,,,,,,,,,,,,,,,,,,,,,,
a436130c-088c-4c9b-85ea-ff0a9948c339,One Hell of a Day,KingConn,5053c1de-d3cf-4c5e-92e8-ec90607cde11,,,,,,won,,,,,Heads Run,,,,,,,,,,,,,,,,,,,,,,,,
351fc71a-bcf9-4452-809c-17799a5bd267,One Hell of a Day,Schmole,f79b9aa8-b7c1-43b9-95e3-c50c35120a22,,,,,,won,,,,,Almost There: The Platformer,,,,,,,,,,,,,,,,,,,,,,,,
5c1460ac-5e07-46fa-b028-14bce18b1068,One Hell of a Day,wantarou,eebbf608-18b4-4f40-9bbb-1c49b9c64fe0,,,,,,won,,,,,Super Chibi Knight,,,,,,,,,,,,,,,,,,,,,,,,
51b41084-3657-49da-8b71-1c039b08be15,One Hell of a Day,Gyavenson,e8ee0fcb-031c-47ce-b941-d481b9c013c6,,,,,,won,,,,,Eat Colors,,,,,,,,,,,,,,,,,,,,,,,,
395172cb-5370-4e33-92af-6172d562fea2,One Hell of a Day,emma,5d63666a-964c-45bb-be81-85510ed1f20c,,,,,,won,,,,,Thrill Penguin,,,,,,,,,,,,,,,,,,,,,,,,
7b5a3956-d44a-4b49-9cbd-4b51897bc24e,One Hell of a Day,Sp1nz,38dd742d-e468-4a49-bcc7-6c1d72afd0b7,,,,,,won,,,,,Duke Dashington,,,,,,,,,,,,,,,,,,,,,,,,
d48d9d28-30c1-439c-9f45-ca50c504d073,One Hell of a Day,calypso,c0225edd-616c-4fdf-a1b4-35351bd8843f,,,,,,won,,,,,Head's Run,,,,,,,,,,,,,,,,,,,,,,,,
513a77ed-c548-4003-b1c4-a29877ae1f38,One Hell of a Day,NEX,f7700746-721b-4a58-a700-c047a84d7bfd,,,,,,won,,,,,Savant - Ascent,,,,,,,,,,,,,,,,,,,,,,,,
493e1ca0-95f0-4efc-bc9d-7434044550c5,One Hell of a Day,andy,d7cb0869-5ed9-465c-87bf-0fb95aaebbd5,,,,,,won,,,,,GoNNER,,,,,,,,,,,,,,,,,,,,,,,,
25bfae36-7735-432b-b2bb-c9c2e5369ca2,One Hell of a Day,Vnednek,4659f544-8a37-4f90-8966-1175a220c30d,,,,,,won,,,,,SPROUT,,,,,,,,,,,,,,,,,,,,,,,,
7273755a-f893-4783-9bde-4a2d3acb8fd2,One Hell of a Day,CraziiPanduh,c3375b74-d5d4-43b5-bffb-434917427071,,,,,,won,,,,,Pirate Pop Plus,,,,,,,,,,,,,,,,,,,,,,,,
42fc0387-89f6-498e-95ad-13ad76884942,One Hell of a Day,1Kick234,5d5518a1-fdee-426b-ae2d-6d9c22a8a941,,,,,,won,,,,,Super Dream Dasher,,,,,,,,,,,,,,,,,,,,,,,,
8ee19324-42ca-479f-84b7-8dfe4bcff117,One Hell of a Day,FluffyFeLuca,5783e633-845c-4f2e-a753-847e50931ee2,,,,,,won,,,,,C-4,,,,,,,,,,,,,,,,,,,,,,,,
8af54a93-d7a9-443e-868c-c6f6847b5476,One Hell of a Day,UzzBuzz,9e83dc6b-9c6b-4949-9928-722636f749ab,,,,,,won,,,,,Super Hamster Ball,,,,,,,,,,,,,,,,,,,,,,,,
6022fe18-9174-4b18-bb6b-db59bd039c0f,One Hell of a Day,cos65535,420d58f6-fa38-487f-ba11-011fba3ffdc4,,,,,,won,,,,,Eat Colors,,,,,,,,,,,,,,,,,,,,,,,,
09ac3091-5374-4431-91eb-b9cd06667c05,One Hell of a Day,SomeMugger,422108a7-731d-49da-ad8c-4c605b1bb181,,,,,,won,,,,,Pixboy,,,,,,,,,,,,,,,,,,,,,,,,
335f6826-bd86-4ce2-b244-1831ce0b7ef4,One Hell of a Day,Mini1burger,ed7d5864-dc10-4e43-aa5e-4185d222c309,,,,,,won,,,,,Find You,,,,,,,,,,,,,,,,,,,,,,,,
460dba48-a8db-465b-ab67-e0bc36d53210,One Hell of a Day,Natalie,75875716-9a2e-44c1-bca4-0ba3aeb7f927,,,,,,won,,,,,Mega Serval,,,,,,,,,,,,,,,,,,,,,,,,
7c50965d-a585-45c0-b40a-095bcfb56a74,One Hell of a Day,nemesis,4dd8b42d-29dd-4899-83d7-bfa032e5e47e,,,,,,won,,,,,Savant - Ascent,,,,,,,,,,,,,,,,,,,,,,,,
b2221324-d980-4e2c-81bb-ce9df9140833,One Hell of a Day,Uribo,1dac4120-0b2d-4f93-8ad3-c7b971447837,,,,,,won,,,,,Prompt,,,,,,,,,,,,,,,,,,,,,,,,
011fbc36-08ad-4d0e-afe1-091804f4e633,One Hell of a Day,rajanb,4594b715-eeab-4bcf-a23c-11ba0737a8f9,,,,,,won,,,,,Heroine of the Sniper,,,,,,,,,,,,,,,,,,,,,,,,
e2fd99c5-b813-48cc-b912-afd630547eca,One Hell of a Day,Joker,195fef73-7123-4e82-992f-7a808c7465bf,,,,,,won,,,,,Cosmophony,,,,,,,,,,,,,,,,,,,,,,,,
99d801e2-d4a6-4599-a7bc-5a1812a9ba13,One Hell of a Day,shiba,65d7dfd9-20ce-4774-8463-ee11dae25e63,,,,,,won,,,,,Spingun,,,,,,,,,,,,,,,,,,,,,,,,
3facd801-a584-4bd5-b131-7fdeb2ae58b5,One Hell of a Day,Nuepiyoo,42eeb080-51e4-403d-9330-23dadd5d8e79,,,,,,won,,,,,Neon Boost,,,,,,,,,,,,,,,,,,,,,,,,
5c3ad95c-8872-456c-8535-2801914ff2d7,One Hell of a Day,Jarvis,df0a0319-c1be-4a22-9152-4267216832d1,,,,,,won,,,,,Burn It Down,,,,,,,,,,,,,,,,,,,,,,,,
49ac0a39-89d3-49a9-9f7a-3e472971fcfd,One Hell of a Day,Jarvis,df0a0319-c1be-4a22-9152-4267216832d1,,,,,,won,,,,,RITE,,,,,,,,,,,,,,,,,,,,,,,,
57efa0f3-be5b-4a7a-a009-a2da8de95f07,One Hell of a Day,Breed,319f5820-b03e-4052-b737-259b0cd5c207,,,,,,won,,,,,Pivvot,,,,,,,,,,,,,,,,,,,,,,,,
16495c66-3871-4eb1-8cb6-ecb0e058569a,One Hell of a Day,Zalolo,b10b609b-331b-4215-b208-23765ef43f86,,,,,,won,,,,,Heads Run,,,,,,,,,,,,,,,,,,,,,,,,
f55cc8ea-c4e6-4591-a537-20e9f6bbeb80,One Hell of a Day,Retsu,37a70c4a-4e33-43b2-95bb-4b4d0e447ba8,,,,,,won,,,,,Charge Kid,,,,,,,,,,,,,,,,,,,,,,,,
abad00aa-14d7-406b-8f82-fbb0840e12f9,One Hell of a Day,kaley,46dbb820-fdcb-4485-a4b5-6184a9305362,,,,,,won,,,,,Neon Boost,,,,,,,,,,,,,,,,,,,,,,,,
41e1619b-ce99-411c-91bb-15a415016b36,One Hell of a Day,JayJay,63c6839c-ca09-45b2-af81-9cb4bb63b10b,,,,,,won,,,,,The Treehouse Man,,,,,,,,,,,,,,,,,,,,,,,,
90e5ec68-1e0b-4e67-8cf0-7232debd76fc,One Hell of a Day,8Nirp,e21d3bc5-cf96-4cf2-a9f8-72080df0b937,,,,,,won,,,,,Pixboy,,,,,,,,,,,,,,,,,,,,,,,,
41ed7bc3-6e44-4230-a7cf-aec036caed68,One Hell of a Day,Athena,e790e8f0-f67e-4646-8fa9-de436b2c8d5e,,,,,,won,,,,,Void Prison,,,,,,,,,,,,,,,,,,,,,,,,
1868bb0e-ecc3-40af-9f38-cd2c9d79f8f1,One Hell of a Day,Cirpacha,5832186a-2fb1-478f-a3e3-67f8e632ce82,,,,,,won,,,,,Bananner Nababber,,,,,,,,,,,,,,,,,,,,,,,,
077af739-3885-4a6a-9592-fd4fe25489e8,One Hell of a Day,Koolboom,75360635-954f-4422-aa80-2460ecda0bdf,,,,,,won,,,,,Milli & Greg,,,,,,,,,,,,,,,,,,,,,,,,
cfeee619-098c-494a-96eb-5a1eb3ed1398,One Hell of a Day,Pralkarz,a3ff12e0-b942-407e-bff0-c0065d6c509d,,,,,,won,,,,,SPINGUN,,,,,,,,,,,,,,,,,,,,,,,,
55663a87-78e2-4353-98eb-7935f17b4afa,One Hell of a Day,Crappy,0a1a1e34-1fac-49a5-ba7e-548d098cac85,,,,,,won,,,,,Aliens Go Home Run,,,,,,,,,,,,,,,,,,,,,,,,
6f94d5c5-3ac7-4e53-9209-fef53d200792,One Hell of a Day,Rainbow,41c2aa33-c1c2-437d-a40b-c74d5dd64416,,,,,,won,,,,,Transpire,,,,,,,,,,,,,,,,,,,,,,,,
2c780abf-46a7-4195-bf4a-1b183aecd6d0,One Hell of a Day,Pig,c38b6dcc-ec69-45bc-b59c-68796a522f66,,,,,,won,,,,,VECTORLORD,,,,,,,,,,,,,,,,,,,,,,,,
f02c40f6-21e8-4d4a-b16a-f4266399fb3c,One Hell of a Day,SUM10,e47db200-15af-48e1-819d-2742c7263648,,,,,,won,,,,,Heads Run,,,,,,,,,,,,,,,,,,,,,,,,
d9231a17-a209-468b-939d-8f1302ac78b9,One Hell of a Day,Jonus,e32b2761-9ca3-4262-b3bb-81e87757f62e,,,,,,won,,,,,Burn It Down,,,,,,,,,,,,,,,,,,,,,,,,
9d23a5b8-1665-44b0-805b-59ffdba0a75f,One Hell of a Day,RanDoom,6e29c9e1-aeac-4156-b0a6-3032c9f3223a,,,,,,won,,,,,Tick Tack Puppet,,,,,,,,,,,,,,,,,,,,,,,,
3068a814-bc6b-4c53-992c-c61d7864e261,One Hell of a Day,NiceStickman,e5c4c97a-b7c5-46f4-9a2c-a484d5ef255f,,,,,,won,,,,,Lorera,,,,,,,,,,,,,,,,,,,,,,,,
4fbb9ec6-c4bb-4a8e-96b2-174e961ff029,One Hell of a Day,tired,1538b2e3-ec4f-476f-8c88-39be21f8d79e,,,,,,won,,,,,Ducks Can Drive,,,,,,,,,,,,,,,,,,,,,,,,
e8a5e41f-d3c3-4f4b-9544-90fdf5588f4f,One Hell of a Day,Ramia,992f86df-6327-47f7-ba0c-0212126c0aaf,,,,,,won,,,,,Heroine of the Sniper,,,,,,,,,,,,,,,,,,,,,,,,
587ef7f6-3653-4b8d-817c-8d613e158ba9,One Hell of a Day,kiehi,bc54ac04-976e-4d7b-b24e-bfb52c6db0fa,,,,,,won,,,,,Gunborg: Dark Matters,,,,,,,,,,,,,,,,,,,,,,,,
083f3149-95bb-4361-8ecb-6972dac3efa8,One Hell of a Day,AkaraWA,c347141f-fb6c-4512-bc27-63292d943980,,,,,,won,,,,,Ducks Can Drive,,,,,,,,,,,,,,,,,,,,,,,,
fb486228-e126-4c19-877b-87df6e2305d2,One Hell of a Day,Owl,bb3759e6-8212-4e82-8de6-a94db63daf71,,,,,,won,,,,,Shipped,,,,,,,,,,,,,,,,,,,,,,,,
be024882-d680-4511-8887-86d110f8bc55,One Hell of a Day,Owl,bb3759e6-8212-4e82-8de6-a94db63daf71,,,,,,won,,,,,Heads Run,,,,,,,,,,,,,,,,,,,,,,,,
4587dc77-248f-46dd-bdc6-7e4ebd623a04,One Hell of a Day,The Russian Tanker,81227d6a-c059-41c5-b4a7-c9c134170a2c,,,,,,won,,,,,Bananner Nababber,,,,,,,,,,,,,,,,,,,,,,,,
a0a51b4b-77a1-4c58-901a-d6542a2c60da,One Hell of a Day,MrCooper,c9a67a56-2676-4874-ae81-7f991f414790,,,,,,won,,,,,Save the Reactor,,,,,,,,,,,,,,,,,,,,,,,,
642057f8-a142-4443-b0d7-95be83f02532,One Hell of a Day,actor-river,171aeeb8-555c-41eb-b18d-49ea572b8061,,,,,,won,,,,,Savant - Ascent,,,,,,,,,,,,,,,,,,,,,,,,
98c162ac-ab2f-4690-9683-7ba234826e47,One Hell of a Day,Ben,9eb48426-4d19-4278-9fae-e66fc3daecce,,,,,,won,,,,,Donut Dodo,,,,,,,,,,,,,,,,,,,,,,,,
7cbac272-87a6-4cec-98c6-a5fb5bd28365,One Hell of a Week,SomeMugger,422108a7-731d-49da-ad8c-4c605b1bb181,,,,,,won,,,,,Akane,Tadpole Treble,REVOLVER360 RE:ACTOR,High Hell,Overclocked,,,,,,,,,,,,,,,,,,,,
a94c5159-bf79-42de-8863-3d06b48192d4,One Hell of a Week,Uzzbuzz,9e83dc6b-9c6b-4949-9928-722636f749ab,,,,,,won,,,,,Outbuddies,Sound Slide,Jet Buster,Desync,Salmon Ninja,,,,,,,,,,,,,,,,,,,,
fed6b3d9-78f8-4616-ba76-0bba6d4e2072,One Hell of a Week,LoyalDeath,36cb85be-ab7b-4293-b7ac-c2920297eaa2,,,,,,won,,,,,Hotline Miami,Neo Neo,Godstrike,God Damn the Garden,1001 Spikes,,,,,,,,,,,,,,,,,,,,
c788af2a-9aba-47d3-b061-3b496ec2c3ca,One Hell of a Week,Legion,9b3ba1a6-e3b2-4966-a142-1ffa05002f97,,,,,,won,,,,,Dispersio 2,Dino Run DX,LinearShooter Remixed,A Story About My Uncle,Spectraball,,,,,,,,,,,,,,,,,,,,
3b2ca566-5d91-4e36-abf3-fb560a989017,One Hell of a Week,Wantarou,eebbf608-18b4-4f40-9bbb-1c49b9c64fe0,,,,,,won,,,,,Savant - Ascent,FutureGrind,Gunlocked,A Story About My Uncle,ALTF4,,,,,,,,,,,,,,,,,,,,
9c9435e2-8ae2-4801-9df8-4b050c994099,One Hell of a Week,Zelda,16e75bae-270a-48f0-abe9-5de4c81d3784,,,,,,won,,,,,Aggelos,oO,Prologue for a Vacant Kingdom,DeadCore,Heads Run,,,,,,,,,,,,,,,,,,,,
1e5335bf-b547-40d4-95cd-c3978a780162,One Hell of a Week,CraziiPanduh,c3375b74-d5d4-43b5-bffb-434917427071,,,,,,won,,,,,Bananner Nababber,Spingun,Linear Shooter,Neon Boost,Inside My Radio,,,,,,,,,,,,,,,,,,,,
b5e90e38-af31-4766-9031-5124caf46b8e,One Hell of a Week,Breed,319f5820-b03e-4052-b737-259b0cd5c207,,,,,,won,,,,,Anarcute,Getting Over It,Marimoth,Transpire,Garlic,,,,,,,,,,,,,,,,,,,,
010c9639-0904-4b69-ba6b-f61f9cf718ed,One Hell of a Week,leaf,89a106f5-4c9b-4b81-be82-fb3d360bf654,,,,,,won,,,,,NInjin: Clash of Carrots,Aliens Go Home Run,Ellipsis,Pacify,LOVE,,,,,,,,,,,,,,,,,,,,
6403026d-86e4-41a7-b405-0bac4faf0cc0,One Hell of a Week,Uribo,1dac4120-0b2d-4f93-8ad3-c7b971447837,,,,,,won,,,,,Mini Ghost,Neo Neo,Prologue for a Vacant Kingdom,Neon Boost,Ascent,,,,,,,,,,,,,,,,,,,,
8ff22103-10a9-4c6f-a4ca-fd86202a72cc,One Hell of a Week,Natalie,75875716-9a2e-44c1-bca4-0ba3aeb7f927,,,,,,won,,,,,Apple Slash,Nights Into Dreams,Jet Buster,High Hell,"Quickly, Quackley!",,,,,,,,,,,,,,,,,,,,
15482c5d-d5b9-4a64-b569-84e3552def56,One Hell of a Week,FluffFeLuca,5783e633-845c-4f2e-a753-847e50931ee2,,,,,,won,,,,,Akane,Tetradecagon,PuPaiPo Space Deluxe,Slender: the Arrival,Big Flappy Tower VS Tiny Square,,,,,,,,,,,,,,,,,,,,
fe301d35-d6a0-4d42-835b-ce62a04e3cea,One Hell of a Week,Folkius,67bce20e-3306-4b83-8027-d6894d474740,,,,,,won,,,,,Cybarian,Speed Limit,RefleX,Slender: the Arrival,Platformity,,,,,,,,,,,,,,,,,,,,
892441e4-ab52-45e4-8625-56749463af50,One Hell of a Week,ZALOLO,b10b609b-331b-4215-b208-23765ef43f86,,,,,,won,,,,,Mega Serval,Sullen,Void Prison,Alien Removal Division,Konrad the Rocket,,,,,,,,,,,,,,,,,,,,
ee1497cb-ca3f-4b86-a6e1-2122e5f64e04,One Hell of a Week,Kostucha,7c2c6d6b-ffc2-49c7-8c9c-26b8455eb26f,,,,,,won,,,,,Akane,Speed Limit,Blast Rush Classic,Neon Boost,Super Hamster Ball,,,,,,,,,,,,,,,,,,,,
25c1cb8e-4b9d-427d-99f9-08ff0687f96b,One Hell of a Week,emma,5d63666a-964c-45bb-be81-85510ed1f20c,,,,,,won,,,,,Akane,Fortix,The Treehouse Man,High Hell,Exception,,,,,,,,,,,,,,,,,,,,
578ea71c-b537-4c9b-b2be-f67d19aa08c9,One Hell of a Week,Nuepiyoo,42eeb080-51e4-403d-9330-23dadd5d8e79,,,,,,won,,,,,Savant - Ascent,Getting Over It with Bennett Foddy,PuPaiPo Space Deluxe,Lovely Planet Arcade,Flem,,,,,,,,,,,,,,,,,,,,
e7abe75a-e42a-4bb6-877a-80a36a31bd23,One Hell of a Week,cos65535,420d58f6-fa38-487f-ba11-011fba3ffdc4,,,,,,won,,,,,Mega Serval,Duke Dashington,Ellipsis,Alien Removal Division,Pain Party,,,,,,,,,,,,,,,,,,,,
734c01f8-e0ec-4849-89a9-491b10b88c4d,One Hell of a Week,Schmole,f79b9aa8-b7c1-43b9-95e3-c50c35120a22,,,,,,won,,,,,Akane,Peggle Extreme,#Snake2 DX: Reawakening,Alien Removal Division,One Gun Guy,,,,,,,,,,,,,,,,,,,,
8d82cb33-f0c4-455a-b98a-2519b31d9b09,One Hell of a Week,KingConn,5053c1de-d3cf-4c5e-92e8-ec90607cde11,,,,,,won,,,,,Bananner Nababber,Arcane Golf,Godstrike,Heroine of the Sniper,Darkour,,,,,,,,,,,,,,,,,,,,
eabb5a25-d015-4974-9724-24af25a2b986,One Hell of a Week,thatguy,aeeae58d-74f3-44be-8755-a277b2f85643,,,,,,won,,,,,Akane,Tetradecagon,Blazend,Transpire,System Purge,,,,,,,,,,,,,,,,,,,,
5388bc9a-a1ed-482a-80dd-de9961909dc0,One Hell of a Week,Retsu,37a70c4a-4e33-43b2-95bb-4b4d0e447ba8,,,,,,won,,,,,Cybarian,MINICHEF,#Snake2 DX: Reawakening,Transpire,Another Perspective,,,,,,,,,,,,,,,,,,,,
42f66984-8956-4216-9567-9fc19d6d65e4,One Hell of a Week,rajanb,4594b715-eeab-4bcf-a23c-11ba0737a8f9,,,,,,won,,,,,UBERMOSH:OMEGA,Flipon,Crucible,Alien Removal Division,Pixboy,,,,,,,,,,,,,,,,,,,,
177bf96a-c6e0-45ff-9282-574544ea690f,One Hell of a Week,Cirpacha,5832186a-2fb1-478f-a3e3-67f8e632ce82,,,,,,won,,,,,Akane,Tile Tale,Crucible,INDUSTRIA,Burn It Down,,,,,,,,,,,,,,,,,,,,
5f7a7487-8ab2-4aac-8155-58c3b351a2cc,One Hell of a Week,SUM10,e47db200-15af-48e1-819d-2742c7263648,,,,,,won,,,,,DEATHRUN TV,Evergarden,Rheum,God Damn The Garden,Darkour,,,,,,,,,,,,,,,,,,,,
8c9f6b6d-4aa4-4256-b5f4-e91d0604d5c5,One Hell of a Week,Tired,1538b2e3-ec4f-476f-8c88-39be21f8d79e,,,,,,won,,,,,Peggle Extreme,Sharpshooter Plus,Prologue for a Vacant Kingdom,High Hell,Big FLAPPY Tower VS Tiny Square,,,,,,,,,,,,,,,,,,,,
537b3d29-0533-43d9-ac3f-a50769a4b9be,One Hell of a Week,AkaraWa,c347141f-fb6c-4512-bc27-63292d943980,,,,,,won,,,,,Lost Potato,Whackerball,Ellipsis,Superliminal,Dino Run DX,,,,,,,,,,,,,,,,,,,,
56a90201-f60d-44f6-9c2e-92a8ce574db6,One Hell of a Month,Wantarou,eebbf608-18b4-4f40-9bbb-1c49b9c64fe0,,,,,,won,,,,,Cyjin,Drive!Drive!Drive!,LinearShooter,Alien Removal Division,Flem,Mini Ghost,sunny-place,Prologue for a Vacant Kingdom,God Damn the Garden,Kill the Plumber,Dispersio 2,Save the Reactor,Marimoth,Transpire,PanGEMic,Gunborg,Golfing Over It,Jet Buster,Slender: The Arrival,Burn it Down,Akane,Safety First!,Ellipsis,Heroine of the Sniper,Big Neon Tower vs. Tiny Square
1c30a6f7-ecd7-4d45-aa4a-af893cdfb40e,One Hell of a Month,Uribo,1dac4120-0b2d-4f93-8ad3-c7b971447837,,,,,,won,,,,,Cyjin: The Cyborg Ninja,Dragon's Lair,Void Prison,Slender: The Arrival,Find You,Bananner Nababber,sunny-place,Marimoth,Spelldash,Big Flappy Tower vs Tiny Square,Wraithslayer,Golfing Over It,Vectorlord,Neon Boost,Another Perspective,UBERMOSH:OMEGA,FEWAR-DVD,Rheum,Alien Removal Division,Eat Colors,Dispersio 2,You Died but a Necromancer,LinearShooter,Heroine of the Sniper,Exception
334fa5d4-5d58-43a3-9f18-0d359ca45829,One Hell of a Month,Folkius,67bce20e-3306-4b83-8027-d6894d474740,,,,,,won,,,,,UBERMOSH: OMEGA,DriveDriveDrive!,The Treehouse Man,Alien Removal Division,Micro Platformer,Alien Shooter,Singled Out,Vectorlord,God Damn the Garden,Heads Run,Gonner,FEWAR DVD,Snake2 DX Reawakening,Heroine of the Sniper,Flem,Dispersio 2,STAY,,Spelldash,Ascent,Bananner Nababber,Duke Dashington,,Transpire,Pixboy
221ba98e-7231-41d5-b3f8-2740ca1580d8,One Hell of a Month,Zelda,16e75bae-270a-48f0-abe9-5de4c81d3784,,,,,,won,,,,,Cyjin: the Cyborg Ninja,Sprinter,Snake2 DX Reawakening,High Hell,Prompt,UBERMOSH: OMEGA,Save the Reactor,The Treehouse Man,Lovely Planet Arcade,Milli and Greg,Akane,Golfing Over It,Jet Buster,Heroine of the Sniper,Axolotl is Dry,Savant Ascent,FEWAR DVD,Blast Rush Classic,Alien Removal Division,Flem,Gonner,You Died but a Necromancer,LinearShooter,God Damn the Garden,140
2984cdf3-21cd-4dfc-bcd5-24badbf3aeb3,One Hell of a Month,SomeMugger,422108a7-731d-49da-ad8c-4c605b1bb181,,,,,,won,,,,,Cybarian,Eggy,Blazend,Alien Removal Division,Salmon Ninja,Savant Ascent,Raven's Hike,Marimoth,God Damn the Garden,Thrill Penguin,Gonner,oO,Rheum,Slender the Arrival,Another Perspective,Dispersio 2,Pan Dimensional Congo Combat,RefleX,Spelldash,Darkour,Gunborg,DriveDriveDrive,The Treehouse Man,,PanGEMic
892e2fcd-267d-468e-8ead-a478b36b09ae,One Hell of a Month,Leaf,89a106f5-4c9b-4b81-be82-fb3d360bf654,,,,,,won,,,,,Mini Ghost,Crazy Taxi,The Treehouse Man,Lovely Planet Arcade,Exception,Gonner,Neo Neo,Jet Buster,Spelldash,Prompt,Cyjin: The Cyborg Ninja,Singled Out,Void Prison,Slender the Arrival,Miles & Kilo,Bananner Nababber,Crossing Guard Joe,LinearShooter,Alien Removal Division,LIMBO,Dispersio 2,BARRIER X,Escape From Terror City,God Damn the Garden,Pixboy
9f4b3567-8171-4435-9357-b228c17d5d67,One Hell of a Month,Schmole,f79b9aa8-b7c1-43b9-95e3-c50c35120a22,,,,,,won,,,,,Wraithslayer,Split Bullet,Marimoth,Slender the Arrival,Quickly Quackley,Dispersio 2,You Died but a Necromancer,Escape From Terror City,Lovely Planet Arcade,Big Flappy Tower VS Tiny Square,UBERMOSH: OMEGA,Eggy,RefleX,Heroine of the Sniper,Squidlit,Bananner Nababber,Cosmophony,Blazend,High Hell,Ascent,Alien Shooter,STAY,Prologue for a Vacant Kingdom,Neon Boost,PanGEMic
9793f408-8088-47f7-bd42-d31658f7bcb9,One Hell of a Month,Legion,9b3ba1a6-e3b2-4966-a142-1ffa05002f97,,,,,,won,,,,,Mega Serval,Sullen,Marimoth,Alien Removal Division,Pain Party,Cybarian,Somos,Void Prison,Transpire,Exception,Savant Ascent,You Died but a Necromancer,Rheum,God Damn the Garden,Jubilee,Cyjin: the Cyborg Ninja,Safety First,Blast Rush Classic,Spelldash,Sprout,Apple Slash,Save the Reactor,RefleX,Lovely Planet Arcade,Salmon Ninja
0557ccd3-1057-4bdb-a912-0d13a5701fa4,One Hell of a Month,Kostucha,7c2c6d6b-ffc2-49c7-8c9c-26b8455eb26f,,,,,,won,,,,,Bananner Nababber,oO,The Treehouse Man,Transpire,System Purge,UBERMOSH: OMEGA,Sprinter,Prologue for a Vacant Kingdom,Slender the Arrival,Panic Porcupine,Destructivator 2,Raven's Hike,Snake2 DX Reawakening,High Hell,Find You,Dispersio 2,FEWAR DVD,LinearShooter,Alien Removal Division,Ascent,Alien Shooter,Split Bullet,Marimoth,Spelldash,Grapplewell
380119ee-516d-4d3a-b0a3-9ccc3031311a,One Hell of a Month,Cos65535,420d58f6-fa38-487f-ba11-011fba3ffdc4,,,,,,won,,,,,Void Prison,Double Kick Heroes,Prologue for a Vacant Kingdom,Slender: The Arrival,Pushcat,Driven Out,SUPER FLAIL,RAIN Project,Clustertruck,Evergarden,Cybarian,SPLIT BULLET,Jet Buster,Spelldash,Fingered,Dizzy Rogues,No Parachute,The Adventures of Ten and Till,God Damn the Garden,Peggle Extreme,The Legend of Dark Witch,Safety First!,LinearShooter Remixed,Neon Boost,XANDO: Xtreme & Over the Top
7293729c-0778-4fe2-96e7-d14b955b74c3,One Hell of a Month,nuepiyoo,42eeb080-51e4-403d-9330-23dadd5d8e79,,,,,,won,,,,,SINNER: Sacrifice for Redemption,Untitled Goose Game,Rheum,Slender: The Arrival,Salmon Ninja,Driven Out,NEO NEO,Zenodyne R,Heroine of the Sniper,One Gun Guy,Void Prison,SUPER FLAIL,RefleX,High Hell,Get-A-Grip Chip,Akane,Flywrench,HyperDot,Cyber Hook,Tightrope Theatre,UBERMOSH:OMEGA,Minichef,Prologue for a Vacant Kingdom,God Damn the Garden,Chameleon Run Deluxe Edition
1d38bed6-4f8d-451d-b55a-b25d33658491,One Hell of a Month,Cirpacha,5832186a-2fb1-478f-a3e3-67f8e632ce82,,,,,,won,,,,,Cyjin: The Cyborg Ninja,Run Turn Die,PuPaiPo Space Deluxe,Alien Removal Division,Fingered,Gunborg: Dark Matters,C-4,Zenodeath,SPEEDRUNNER,A=B,Super Crate Box,Let's Worm,Escape from Terror City,SUFFER,Evergarden,SINNER,Pan-Dimensional Conga Combat,Rheum,Well...,Peggle Extreme,Apple Slash,Sharpshooter Plus,VECTORLORD,Welkin Road,Pushcat
5224483e-7a22-4bb9-b93a-3701b3461e85,One Hell of a Month,SUM10,e47db200-15af-48e1-819d-2742c7263648,,,,,,won,,,,,Exit the Gungeon,Sharpshooter Plus,Prologue for a Vacant Kingdom,KILLBUG,Axolotl is Dry,Toki,Flipon,Zenodeath,Neon Boost,I am Ball,Cybarian: The Time Travelling Warrior,Eggy,#Snake2 DX: Reawakening,SPEEDRUNNER,Milli & Greg,Driven Out,Raven's Hike,The Treehouse Man,High Hell,Lantern Bearer,Gunborg: Dark Matters,Pan-Dimensional Conga Combat,Escape from Terror City,Lovely Planet Arcade,Crumble
808a1644-d3bb-4feb-b597-1c34d3197ef5,One Hell of a Month,AkaraWa,c347141f-fb6c-4512-bc27-63292d943980,,,,,,won,,,,,Punch A Bunch,Speed Limit,Devastator,Peggle Extreme,Charge Kid,Wraithslayer,Dragon's Lair,The Treehouse Man,A Healer Only Lives Twice,Super Hamster Ball,Toki,The Next Penelope,Crucible,XANDO: Xtreme & Over the Top,Thrill Penguin,Dispersio 2,FutureGrind,LinearShooter Remixed,Fingered,Cloud Escape,Mega Serval,Aliens Go Home Run,Zenodyne R,Tile Tale,Light Fall
77ae72ab-920b-4d05-9b14-91e78bb526ed,One Hell of a Month,Leaf,89a106f5-4c9b-4b81-be82-fb3d360bf654,,,,,,won,,,,,A Healer Only Lives Twice,Sharpshooter Plus,sunny-place-2,Heroine of the Sniper,Super Hamster Ball,Fingered!,Cosmophony,VECTORLORD,Spectrolite,An Octonaut Oddysey,Peggle Extreme,Clutchball,Blazend,Well...,Lantern Bearer,Pushcat,Tadpole Treble,Beat Da Beat,One More Dungeon 2,Binaries,Evergarden,Neo Neo,PuPaiPo Space Deluxe,SPEEDRUNNER,Darkour
a9f7ae5c-e95f-4cfc-a58c-e4a026cd76e4,One Hell of a Month,leaf,89a106f5-4c9b-4b81-be82-fb3d360bf654,,,,,,won,,,,,Gunborg: Dark Matters,Radium,Marimoth,Metal: Hellsinger,Belle Boomerang,Mega Serval,The Paper Game,Blast Rush Classic,Well...,I am Ball,METAL SLUG,Sprinter,RefleX,Transpire,Milli & Greg,Swarm,DUNKYPUNG,The Treehouse Man,God Damn The Garden,Cloud Escape,Super Crate Box,Pirate Pop Plus,VECTORLORD,killbug,Defunct
63a75a1e-64dc-4e6a-bd65-39677adbd0d4,One Hell of a Month,Kanra,10730cd6-fd4b-485d-ba32-6f8feb80fd40,,,,,,won,,,,,Death's Door,Singled Out,Devastator,TILE TALE,Axolotl is Dry,Cyjin: The Cyborg Ninja,Aliens Go Home Run,13 Seconds,XANDO: Xtreme & Over the Top,Eggy,Savant - Ascent,Flywrench,VECTORLORD,A Healer Only Lives Twice,Deneb: Across the Stars,B.I.O.T.A.,Pirate Pop Plus,A Way To Die,FIngered!,Belle Boomerang,Dizzy Rogues,SOMOS,Beat Da Beat,The Ouroboros King,One Gun Guy
23f14622-382c-4f69-a36a-d919d1efc9e5,Two Week T2 Streak,Legion,9b3ba1a6-e3b2-4966-a142-1ffa05002f97,,,,,,won,,,,,Lovely Planet Remix,Graceful Explosion Machine,,,,,,,,,,,,,,,,,,,,,,,
79f4983e-089f-4238-b3f4-f0e7b0feedf1,Two Week T2 Streak,Zelda,16e75bae-270a-48f0-abe9-5de4c81d3784,,,,,,won,,,,,Cloak & Dasher,Nex Machina,,,,,,,,,,,,,,,,,,,,,,,
536b989b-e8ee-4b3a-8b0b-57a07f68a5da,Two Week T2 Streak,CraziiPanduh,c3375b74-d5d4-43b5-bffb-434917427071,,,,,,won,,,,,Heavy Bullets,Castlevania: Mirror of Fate,,,,,,,,,,,,,,,,,,,,,,,
9c9aee7d-15c9-455a-9e83-2f128a49bb47,Two Week T2 Streak,Folkius,67bce20e-3306-4b83-8027-d6894d474740,,,,,,won,,,,,Within the Blade,Kero Blaster,,,,,,,,,,,,,,,,,,,,,,,
eda68ce7-d5e5-47e4-914f-64c3fc1e6a8a,Two Week T2 Streak,wantarou,eebbf608-18b4-4f40-9bbb-1c49b9c64fe0,,,,,,won,,,,,Hyper Light Drifter,Hayfever,,,,,,,,,,,,,,,,,,,,,,,
499a6898-d884-4202-b78d-c02e6adaee9a,Two Week T2 Streak,Kostucha,7c2c6d6b-ffc2-49c7-8c9c-26b8455eb26f,,,,,,won,,,,,Dark Devotion,Hack or Die,,,,,,,,,,,,,,,,,,,,,,,
638d4f29-6b12-4691-8d1b-1e8e3912ff23,Two Week T2 Streak,ZALOLO,b10b609b-331b-4215-b208-23765ef43f86,,,,,,won,,,,,Zuma's Revenge,FOTONICA,,,,,,,,,,,,,,,,,,,,,,,
d6c84d7a-3b9a-41c8-a32a-95c4bbdf77d2,Two Week T2 Streak,Breed,319f5820-b03e-4052-b737-259b0cd5c207,,,,,,won,,,,,64,Last Command,,,,,,,,,,,,,,,,,,,,,,,
2dbc518b-c132-40ce-9c7a-e45e13d71ffa,Two Week T2 Streak,Vnednek,4659f544-8a37-4f90-8966-1175a220c30d,,,,,,won,,,,,Dunkypung,Within the Blade,,,,,,,,,,,,,,,,,,,,,,,
a6dda445-894e-4463-94c0-215d38636497,Two Week T2 Streak,SomeMugger,422108a7-731d-49da-ad8c-4c605b1bb181,,,,,,won,,,,,Nowhere Patrol,Omnibus,,,,,,,,,,,,,,,,,,,,,,,
249f7764-9060-4cb0-8781-e5a950e66a21,Two Week T2 Streak,Joker,195fef73-7123-4e82-992f-7a808c7465bf,,,,,,won,,,,,Rise & Shine,Run or Die,,,,,,,,,,,,,,,,,,,,,,,
37bca028-6d00-432e-885c-5975469b6619,Two Week T2 Streak,leaf,89a106f5-4c9b-4b81-be82-fb3d360bf654,,,,,,won,,,,,DROPSHIP,Typoman,,,,,,,,,,,,,,,,,,,,,,,
3f805aef-72e9-431a-bf0e-48568ed66cd2,Two Week T2 Streak,Pralkarz,a3ff12e0-b942-407e-bff0-c0065d6c509d,,,,,,won,,,,,An Octonaut Odyssey,Cyber Hook,,,,,,,,,,,,,,,,,,,,,,,
b12bc995-9506-482c-805f-60d712b44d43,Two Week T2 Streak,Nuepiyoo,42eeb080-51e4-403d-9330-23dadd5d8e79,,,,,,won,,,,,Waveland,Dig Dog,,,,,,,,,,,,,,,,,,,,,,,
511faf33-5efd-4a06-b2dd-33f29e289c34,Two Week T2 Streak,irrealis,fc7273ff-80fa-4f6e-b31a-ed2c018a43bf,,,,,,won,,,,,Last Command,Nowhere Patrol,,,,,,,,,,,,,,,,,,,,,,,
e9600314-6b62-49fa-a44f-5a1ebb6b6925,Two Week T2 Streak,Uribo,1dac4120-0b2d-4f93-8ad3-c7b971447837,,,,,,won,,,,,Rayze,Kero Blaster,,,,,,,,,,,,,,,,,,,,,,,
8249e0d3-0fc1-48f2-952e-59eef6428a8a,Two Week T2 Streak,Athena,e790e8f0-f67e-4646-8fa9-de436b2c8d5e,,,,,,won,,,,,Shu,Intravenous,,,,,,,,,,,,,,,,,,,,,,,
1aff0b1b-9a6e-4c4b-befa-acf13078bcf5,Two Week T2 Streak,Schmole,f79b9aa8-b7c1-43b9-95e3-c50c35120a22,,,,,,won,,,,,Action Henk,4X4,,,,,,,,,,,,,,,,,,,,,,,
3863bef2-bbde-45f8-9c1b-ba96c361c1c3,Two Week T2 Streak,cos65535,420d58f6-fa38-487f-ba11-011fba3ffdc4,,,,,,won,,,,,Trace Vector,Electronic Super Joy,,,,,,,,,,,,,,,,,,,,,,,
2f25da7b-54db-4ade-9bba-7c672e2c84d0,Two Week T2 Streak,Natalie,75875716-9a2e-44c1-bca4-0ba3aeb7f927,,,,,,won,,,,,Shmups Skill Test,Within the blade,,,,,,,,,,,,,,,,,,,,,,,
29bfda93-aee6-416c-ac9f-70e150a9396d,Two Week T2 Streak,Cirpacha,5832186a-2fb1-478f-a3e3-67f8e632ce82,,,,,,won,,,,,Quantum Conundrum,Action Henk,,,,,,,,,,,,,,,,,,,,,,,
f183e2d1-2b7e-4fe4-b183-8bdf88f263bf,Two Week T2 Streak,Uzzbuzz,9e83dc6b-9c6b-4949-9928-722636f749ab,,,,,,won,,,,,Robbie Swifthand and the Orb of Mysteries,Supercharged Robot VULKAISER,,,,,,,,,,,,,,,,,,,,,,,
ce1157a9-d07e-4d89-8f9b-194f7fd641ba,Two Week T2 Streak,SUM10,e47db200-15af-48e1-819d-2742c7263648,,,,,,won,,,,,OVERWHELM,Spitkiss,,,,,,,,,,,,,,,,,,,,,,,
cd7e4731-817c-4bae-8345-0c5988cebd15,Two Week T2 Streak,Jonus,e32b2761-9ca3-4262-b3bb-81e87757f62e,,,,,,won,,,,,Alwa's Awakening,Atomik: RunGunJumpGun,,,,,,,,,,,,,,,,,,,,,,,
d23ffd53-8172-4ad5-b7bd-d759fa9af24e,Two Week T2 Streak,MrCooper,c9a67a56-2676-4874-ae81-7f991f414790,,,,,,won,,,,,Devil Spire,Innoquous 5,,,,,,,,,,,,,,,,,,,,,,,
4ac0b28e-5e67-425a-9ab5-77457a641279,"Two Two Week T2 Streak"" Streak""",Zelda,16e75bae-270a-48f0-abe9-5de4c81d3784,,,,,,won,,,,,E.Z,Deepest Sword,Danmaku Unlimited 2,Hotline Miami 2,,,,,,,,,,,,,,,,,,,,,
9fec3b00-cb61-44c8-a668-97df92703f92,"Two Two Week T2 Streak"" Streak""",Nuepiyoo,42eeb080-51e4-403d-9330-23dadd5d8e79,,,,,,won,,,,,"You will die a lot buddy, trust me!",One Wheel Guy,Murasaki Tsurugi,Fotonica,,,,,,,,,,,,,,,,,,,,,
96f433fe-88fd-49d5-917b-a88c05614049,"Two Two Week T2 Streak"" Streak""",Wantarou,eebbf608-18b4-4f40-9bbb-1c49b9c64fe0,,,,,,won,,,,,Ziggurat,My Friend Pedro,Fist's Elmination Tower,Danmaku Unlimited 3,,,,,,,,,,,,,,,,,,,,,
6f1d3c14-ce29-420a-9a57-7a601b5c5fc1,"Two Two Week T2 Streak"" Streak""",Folkius,67bce20e-3306-4b83-8027-d6894d474740,,,,,,won,,,,,Super Multitasking,FOTONICA,Hack or Die,BIT.TRIP FATE,,,,,,,,,,,,,,,,,,,,,
45afe78e-abdf-4b4b-9d0e-31e0d8e1c1ed,"Two Two Week T2 Streak"" Streak""",Leaf,89a106f5-4c9b-4b81-be82-fb3d360bf654,,,,,,won,,,,,In Retrospect,Hyper Light Drifter,Typing of the Dead: Overkill,Quantum Conundrum,,,,,,,,,,,,,,,,,,,,,
7bf1d900-0c0e-471f-a8e0-774fece96035,"Two Two Week T2 Streak"" Streak""",Uribo,1dac4120-0b2d-4f93-8ad3-c7b971447837,,,,,,won,,,,,Zuma's Revenge,Ziggurat,My Friend Pedro,Shu,,,,,,,,,,,,,,,,,,,,,
e34a9e91-d0a2-46fd-9f48-33d43f3992ae,"Two Two Week T2 Streak"" Streak""",Kostucha,7c2c6d6b-ffc2-49c7-8c9c-26b8455eb26f,,,,,,won,,,,,Race the Sun,BIT.TRIP RUNNER,Aka Manto | 赤マント,Hell is Other Demons,,,,,,,,,,,,,,,,,,,,,
239d8d7f-7a0c-44e3-851a-c556fe1b5d63,"Two Two Week T2 Streak"" Streak""",Cos65535,420d58f6-fa38-487f-ba11-011fba3ffdc4,,,,,,won,,,,,Circa Infinity,BIT.TRIP RUNNER,Just Shapes & Beats,Hard Reset Extended Edition,,,,,,,,,,,,,,,,,,,,,
92c49f6b-52a2-4242-be38-b503478860f6,"Two Two Week T2 Streak"" Streak""",Cirpacha,5832186a-2fb1-478f-a3e3-67f8e632ce82,,,,,,won,,,,,Nowhere Patrol,Umbral Omen,Hack or Die!,The Textorcist: The Story of Ray Bibbia,,,,,,,,,,,,,,,,,,,,,
6f959814-c2d1-444b-9ebc-d42eac34243f,Never Lucky,Kostucha,7c2c6d6b-ffc2-49c7-8c9c-26b8455eb26f,,,,,,won,,,,,Will You Snail,,,,,,,,,,,,,,,,,,,,,,,,
b6b2ef7d-d473-4273-8d59-9d5910c28b59,Never Lucky,Folkius,67bce20e-3306-4b83-8027-d6894d474740,,,,,,won,,,,,Neon White,,,,,,,,,,,,,,,,,,,,,,,,
0195ce03-1e65-4909-a815-ac2a03523e9b,Never Lucky,JayJay,63c6839c-ca09-45b2-af81-9cb4bb63b10b,,,,,,won,,,,,Murasaki,,,,,,,,,,,,,,,,,,,,,,,,
c9770a16-0021-4c86-9357-52e08106f2e8,Never Lucky,Legion,9b3ba1a6-e3b2-4966-a142-1ffa05002f97,,,,,,won,,,,,Steamworld Heist,,,,,,,,,,,,,,,,,,,,,,,,
6958a4aa-225b-4420-a0a8-d7c2b1734c81,Never Lucky,Natalie,75875716-9a2e-44c1-bca4-0ba3aeb7f927,,,,,,won,,,,,Ori and the Blind Forest,,,,,,,,,,,,,,,,,,,,,,,,
c516cb92-2cf3-4a95-afca-3841552e7621,Never Lucky,1Kick234,5d5518a1-fdee-426b-ae2d-6d9c22a8a941,,,,,,won,,,,,Equaline,,,,,,,,,,,,,,,,,,,,,,,,
dc88659d-7baa-40cb-87bd-b4b11be3f59e,Never Lucky,Leaf,89a106f5-4c9b-4b81-be82-fb3d360bf654,,,,,,won,,,,,Wrack,,,,,,,,,,,,,,,,,,,,,,,,
091b779b-bad4-4afc-ad3e-d91951d96fef,Never Lucky,wantarou,eebbf608-18b4-4f40-9bbb-1c49b9c64fe0,,,,,,won,,,,,Starstruck: Prologue,,,,,,,,,,,,,,,,,,,,,,,,
54b6017e-8912-4943-a961-708afcb4e70e,Never Lucky,ZALOLO,b10b609b-331b-4215-b208-23765ef43f86,,,,,,won,,,,,Plug me,,,,,,,,,,,,,,,,,,,,,,,,
84410ca2-e711-4f84-84ea-cd1161045152,Never Lucky,8Nirp,e21d3bc5-cf96-4cf2-a9f8-72080df0b937,,,,,,won,,,,,LOST EGG 2: Be Together,,,,,,,,,,,,,,,,,,,,,,,,
c61ec9e9-30b4-43cc-8af2-000719246b9d,Never Lucky,thatguy.,aeeae58d-74f3-44be-8755-a277b2f85643,,,,,,won,,,,,Furi,,,,,,,,,,,,,,,,,,,,,,,,
917bae1d-1ec5-4f13-90ae-1098fd8504cd,Never Lucky,Uribo,1dac4120-0b2d-4f93-8ad3-c7b971447837,,,,,,won,,,,,All Day Dying,,,,,,,,,,,,,,,,,,,,,,,,
2154bc5d-3252-445b-8a74-b4f5d9f2f142,Never Lucky,Schmole,f79b9aa8-b7c1-43b9-95e3-c50c35120a22,,,,,,won,,,,,Boomerang X,,,,,,,,,,,,,,,,,,,,,,,,
064470c4-7607-4a19-89bb-8f91e61d6efd,Never Lucky,Schmole,f79b9aa8-b7c1-43b9-95e3-c50c35120a22,,,,,,won,,,,,Overpass,,,,,,,,,,,,,,,,,,,,,,,,
2cc3df27-0356-4ec2-992b-d19d952f0453,Never Lucky,Breed,319f5820-b03e-4052-b737-259b0cd5c207,,,,,,won,,,,,Furi,,,,,,,,,,,,,,,,,,,,,,,,
70f67133-3318-4194-a987-ca3402c6e5f0,Never Lucky,emma,5d63666a-964c-45bb-be81-85510ed1f20c,,,,,,won,,,,,Duck Game,,,,,,,,,,,,,,,,,,,,,,,,
56f4201b-7c44-44fe-bd7c-d8512c4fe97a,Never Lucky,Blizzy,d8503a78-4447-4a5c-865d-84f239f768e3,,,,,,won,,,,,Steamworld Heist,,,,,,,,,,,,,,,,,,,,,,,,
215d566d-f380-4004-bc0d-fae55ad2dba1,Never Lucky,Shiny,371b35d4-bec4-4844-b13a-2a4c215fbaa7,,,,,,won,,,,,Cursed Castilla,,,,,,,,,,,,,,,,,,,,,,,,
4a3e6dbb-d410-4bf7-b304-7fa300f55d60,Never Lucky,Zelda,16e75bae-270a-48f0-abe9-5de4c81d3784,,,,,,won,,,,,One Step From Eden,,,,,,,,,,,,,,,,,,,,,,,,
91a93361-948e-41af-a770-11cdc01b097e,Never Lucky,Snifidy,ac8c598c-dfa7-45ca-853b-9ca7fa631284,,,,,,won,,,,,RIVE,,,,,,,,,,,,,,,,,,,,,,,,
633b6795-ab84-4d1c-bd13-9e5021e388e4,Never Lucky,Gaphodil,1314be46-1dcc-426a-b1b8-d3069ce8e337,,,,,,won,,,,,"Cook, Serve, Delicious 2",,,,,,,,,,,,,,,,,,,,,,,,
25b3a185-ab8f-4652-9a3f-f7e7a20f8489,Never Lucky,Apollo.,835afaad-0059-4e39-b24f-24b2c76b1d08,,,,,,won,,,,,Buck Up and Drive,,,,,,,,,,,,,,,,,,,,,,,,
012f868a-fbf2-46ba-bc78-560ea67d3680,Never Lucky,Nihen,8d5cb79b-3758-4491-b9ba-cc27cb4bce88,,,,,,won,,,,,Skul the Hero Slayer,,,,,,,,,,,,,,,,,,,,,,,,
e6225ea5-4b82-4d03-94cf-539b008168a0,Never Lucky,Nihen,8d5cb79b-3758-4491-b9ba-cc27cb4bce88,,,,,,won,,,,,Ori and the Will of the Wisps,,,,,,,,,,,,,,,,,,,,,,,,
f3453ee8-2dd7-4a32-bc8b-ceaa1cf37e55,Never Lucky,Joker,195fef73-7123-4e82-992f-7a808c7465bf,,,,,,won,,,,,BPM: BULLETS PER MINUTE,,,,,,,,,,,,,,,,,,,,,,,,
40531c00-50e4-4dbd-9891-efbcb1ed86c7,Never Lucky,rajanb,4594b715-eeab-4bcf-a23c-11ba0737a8f9,,,,,,won,,,,,Duck Game,,,,,,,,,,,,,,,,,,,,,,,,
9c34bcc0-34d4-4d2b-b063-16055ffb24da,Never Lucky,cos65535,420d58f6-fa38-487f-ba11-011fba3ffdc4,,,,,,won,,,,,Jigoku Kisetsukan: Sense of the Seasons,,,,,,,,,,,,,,,,,,,,,,,,
6a68ec98-f07f-43c6-b45c-19e2859ee659,Never Lucky,Nuepiyoo,42eeb080-51e4-403d-9330-23dadd5d8e79,,,,,,won,,,,,Q - A Neon Platformer,,,,,,,,,,,,,,,,,,,,,,,,
1a6a02af-f042-4802-ba33-b14c3fb9bce6,Never Lucky,Cirpacha,5832186a-2fb1-478f-a3e3-67f8e632ce82,,,,,,won,,,,,Reverse X Reverse,,,,,,,,,,,,,,,,,,,,,,,,
2ad00e21-6f8e-44bc-9446-898f7fa709dd,Never Lucky,SUM10,e47db200-15af-48e1-819d-2742c7263648,,,,,,won,,,,,Super Magbot,,,,,,,,,,,,,,,,,,,,,,,,
1c066090-7982-455d-bf52-bc247826bdab,Never Lucky,kiehi,bc54ac04-976e-4d7b-b24e-bfb52c6db0fa,,,,,,won,,,,,Happiness Drops!,,,,,,,,,,,,,,,,,,,,,,,,
cef2864a-1cd1-4986-95a2-da0c47ab45d0,Never Lucky,Uzzbuzz,9e83dc6b-9c6b-4949-9928-722636f749ab,,,,,,won,,,,,Hopiko,,,,,,,,,,,,,,,,,,,,,,,,
a878635e-4b82-4c3e-9baa-e6dcc0d2fa9f,Never Lucky,Ramia,992f86df-6327-47f7-ba0c-0212126c0aaf,,,,,,won,,,,,Pizza Tower,,,,,,,,,,,,,,,,,,,,,,,,
1b5b496d-3662-4350-82cd-7f338b7d8b55,Never Lucky,Ramia,992f86df-6327-47f7-ba0c-0212126c0aaf,,,,,,won,,,,,Touhou Kikamu - Elegant Impermanence of Sakura,,,,,,,,,,,,,,,,,,,,,,,,
5e74e724-2632-411b-ae47-74d357d10f7b,Never Lucky,KingConn,5053c1de-d3cf-4c5e-92e8-ec90607cde11,,,,,,won,,,,,Bleed,,,,,,,,,,,,,,,,,,,,,,,,
8fc9d313-2eb2-4ab5-b7ff-ea8f6c91c2bb,Never Lucky,Kebarvu,f51c7511-e286-454f-93b0-2a4c48784278,,,,,,won,,,,,Disc Room,,,,,,,,,,,,,,,,,,,,,,,,
773c1087-e9d9-4da1-952e-9ae40dcea85b,Never Lucky,Rynoop,56af7164-6fd0-4f12-abaa-c347d57448fe,,,,,,won,,,,,Boomerang X,,,,,,,,,,,,,,,,,,,,,,,,
21d21e01-e432-42df-b16c-583bf540c01c,Never Lucky,oatmeal,a2e5c171-b85f-41af-b4b1-0db99a76f290,,,,,,won,,,,,Hextech Mayhem,,,,,,,,,,,,,,,,,,,,,,,,
d334b576-bb8a-4978-85f4-fd4a0b16e056,Triple Threat,Natalie,75875716-9a2e-44c1-bca4-0ba3aeb7f927,,,,,,won,,,,,Umihara Kawase Shun,Hoppup!,Super Magbot,,,,,,,,,,,,,,,,,,,,,,
3f5a918a-8e2e-4d17-92d2-5665a91237e0,Triple Threat,Leaf,89a106f5-4c9b-4b81-be82-fb3d360bf654,,,,,,won,,,,,Aim Climb,Drink More Glurp,Hyperun,,,,,,,,,,,,,,,,,,,,,,
f0f8031e-2f26-4671-bda0-362f7058e6bf,Triple Threat,ZALOLO,b10b609b-331b-4215-b208-23765ef43f86,,,,,,won,,,,,Hellsinker,Maiden and Spell,ALLTYNEX Second,,,,,,,,,,,,,,,,,,,,,,
89ab0c84-2306-4197-9d14-5787abee3024,Triple Threat,Wantarou,eebbf608-18b4-4f40-9bbb-1c49b9c64fe0,,,,,,won,,,,,Mute Crimson+,Will You Snail?,Q - A Neon Platformer,,,,,,,,,,,,,,,,,,,,,,
211034d6-4c5a-4e80-a3b5-f8c5f4c591fd,Triple Threat,Breed,319f5820-b03e-4052-b737-259b0cd5c207,,,,,,won,,,,,Yooka Laylee & Impossible Lair,Super Magbot,Ori and the Blind Forest,,,,,,,,,,,,,,,,,,,,,,
86e8e96f-b845-42b3-843c-34748acd320c,Triple Threat,Uribo,1dac4120-0b2d-4f93-8ad3-c7b971447837,,,,,,won,,,,,Eryi's Action,Sockventure,Q - A Neon Platformer,,,,,,,,,,,,,,,,,,,,,,
98586ddc-8fe5-43c8-a883-8cd887cd85c7,Triple Threat,Folkius,67bce20e-3306-4b83-8027-d6894d474740,,,,,,won,,,,,ALLTYNEX Second,Murasaki,Like Dreamer,,,,,,,,,,,,,,,,,,,,,,
6e1c47df-a3a9-4ab8-808f-8784732090df,Triple Threat,Zelda,16e75bae-270a-48f0-abe9-5de4c81d3784,,,,,,won,,,,,Super Lumi Live,Ori and the Blind Forest,Eryi's Action,,,,,,,,,,,,,,,,,,,,,,
c7ea1952-56e3-4cc3-9fdf-3d52bea7e003,Triple Threat,cos65535,420d58f6-fa38-487f-ba11-011fba3ffdc4,,,,,,won,,,,,PAWARUMI,Hellsinker,DANMAKAI: Red Forbidden Fruit,,,,,,,,,,,,,,,,,,,,,,
562f7c39-7444-4956-bb13-f3fe2ed42594,Triple Threat,Nuepiyoo,42eeb080-51e4-403d-9330-23dadd5d8e79,,,,,,won,,,,,Ori and the Blind Forest,Bouncing Hero,Pizza Tower,,,,,,,,,,,,,,,,,,,,,,
9942995a-6358-473c-90f0-01c57037af32,Triple Threat,Kostucha,7c2c6d6b-ffc2-49c7-8c9c-26b8455eb26f,,,,,,won,,,,,Eryi's Action,Hoppup!,Ori and the Blind Forest: Definitive Edition,,,,,,,,,,,,,,,,,,,,,,
2273a799-b576-4852-b843-98e41fda5b14,Triple Threat,Legion,9b3ba1a6-e3b2-4966-a142-1ffa05002f97,,,,,,won,,,,,PAWARUMI,Touhou Shinreibyou - Ten Desires.,DANMAKAI: Red Forbidden Fruit,,,,,,,,,,,,,,,,,,,,,,
c9f80a6b-9607-42be-bd22-af78489b8ecc,Triple Threat,SUM10,e47db200-15af-48e1-819d-2742c7263648,,,,,,won,,,,,BETON BRUTAL,Primordial Pain,Shadow Corridor,,,,,,,,,,,,,,,,,,,,,,
23d299e9-283d-4157-a458-2655706f4d38,Let Fate Decide,Kaley,46dbb820-fdcb-4485-a4b5-6184a9305362,,,,,,won,,,,,Bunny Hop League,,,,,,,,,,,,,,,,,,,,,,,,
fd1406bd-007b-40eb-b687-239ebbf5928b,Let Fate Decide,ZALOLO,b10b609b-331b-4215-b208-23765ef43f86,,,,,,won,,,,,Blue Revolver,,,,,,,,,,,,,,,,,,,,,,,,
de343b70-8662-49d8-88d5-256c6b031fba,Let Fate Decide,ZALOLO,b10b609b-331b-4215-b208-23765ef43f86,,,,,,won,,,,,"Invisible, inc.",,,,,,,,,,,,,,,,,,,,,,,,
cc2acdb0-20ca-409c-aa03-bce3dc555fa2,Let Fate Decide,ZALOLO,b10b609b-331b-4215-b208-23765ef43f86,,,,,,won,,,,,Brutal Orchestra,,,,,,,,,,,,,,,,,,,,,,,,
57cb74ce-3788-4cf9-aeab-798bb6be72a5,Let Fate Decide,Gyavenson,e8ee0fcb-031c-47ce-b941-d481b9c013c6,,,,,,won,,,,,Trials 2: Second Edition,,,,,,,,,,,,,,,,,,,,,,,,
9e85a653-968e-44cb-9b6d-fd82f4fb5f1d,Let Fate Decide,Nuepiyoo,42eeb080-51e4-403d-9330-23dadd5d8e79,,,,,,won,,,,,Rhythm Journey,,,,,,,,,,,,,,,,,,,,,,,,
5d985342-ca55-4bb3-87ea-7aeb834747de,Let Fate Decide,Quasar,faa56e7e-4b24-4fd5-a75c-6ef79a4b5f1e,,,,,,won,,,,,DEADBOLT,,,,,,,,,,,,,,,,,,,,,,,,
dac4cddd-fa1c-4956-93ce-9eeb9f3424d6,Let Fate Decide,Bladier,4de96a99-fc58-46d1-947e-1fb42261f439,,,,,,won,,,,,Yooka-Laylee and the Impossible Lair,,,,,,,,,,,,,,,,,,,,,,,,
10ea1f43-5854-4be9-a9b6-e18c8186e89f,Let Fate Decide,Wantarou,eebbf608-18b4-4f40-9bbb-1c49b9c64fe0,,,,,,won,,,,,DEAD,,,,,,,,,,,,,,,,,,,,,,,,
8c934032-b363-4e3c-8f8c-2971793672bc,Let Fate Decide,Wantarou,eebbf608-18b4-4f40-9bbb-1c49b9c64fe0,,,,,,won,,,,,Rotund Rebound,,,,,,,,,,,,,,,,,,,,,,,,
f14ee93f-4221-4085-8ea2-5a48b60b75bf,Let Fate Decide,Wantarou,eebbf608-18b4-4f40-9bbb-1c49b9c64fe0,,,,,,won,,,,,Super Meat Boy Forever,,,,,,,,,,,,,,,,,,,,,,,,
145017c5-9da8-4874-9c1f-31ade42f784a,Let Fate Decide,Legion,9b3ba1a6-e3b2-4966-a142-1ffa05002f97,,,,,,won,,,,,Rabi-Ribi,,,,,,,,,,,,,,,,,,,,,,,,
b15627e2-d99b-4ad0-8d7f-cb09eaf7749c,Let Fate Decide,Legion,9b3ba1a6-e3b2-4966-a142-1ffa05002f97,,,,,,won,,,,,Brutal Orchestra,,,,,,,,,,,,,,,,,,,,,,,,
45ae7400-d98d-47e2-a9dd-f57b1e30bf25,Let Fate Decide,Tettrum,2ff757f3-6526-46fb-9e35-6eb2cd21cf38,,,,,,won,,,,,Extricate,,,,,,,,,,,,,,,,,,,,,,,,
90db7732-9e18-4a10-aad0-318e882a690a,Let Fate Decide,Kostucha,7c2c6d6b-ffc2-49c7-8c9c-26b8455eb26f,,,,,,won,,,,,Necrosphere Deluxe,,,,,,,,,,,,,,,,,,,,,,,,
0cc85fc0-76cb-4fb2-a9d2-9a97573eabcd,Let Fate Decide,Kostucha,7c2c6d6b-ffc2-49c7-8c9c-26b8455eb26f,,,,,,won,,,,,Phantom Jump,,,,,,,,,,,,,,,,,,,,,,,,
1be7a245-7044-489b-9cc8-d0c5a0b393ad,Let Fate Decide,ぎょーざ,750a204e-f26f-4c44-a0bc-1b244d849c0f,,,,,,won,,,,,Yooka-Laylee and the Impossible Lair,,,,,,,,,,,,,,,,,,,,,,,,
25d92537-bb69-4119-b891-505ef5261028,Let Fate Decide,thatguy.,aeeae58d-74f3-44be-8755-a277b2f85643,,,,,,won,,,,,Wolfenstein II: The New Colossus,,,,,,,,,,,,,,,,,,,,,,,,
e867d7c4-6b57-4888-89fb-77cb902995cb,Let Fate Decide,Leaf,89a106f5-4c9b-4b81-be82-fb3d360bf654,,,,,,won,,,,,Necrosphere Deluxe,,,,,,,,,,,,,,,,,,,,,,,,
eb04948c-3188-4694-8c10-86df4e8aa34d,Let Fate Decide,Jarvis,df0a0319-c1be-4a22-9152-4267216832d1,,,,,,won,,,,,Yooka-Laylee and the Impossible Lair,,,,,,,,,,,,,,,,,,,,,,,,
8af3ef44-1fc7-4aba-bf2a-42343e3cafe1,Let Fate Decide,MrCooper,c9a67a56-2676-4874-ae81-7f991f414790,,,,,,won,,,,,Stickit,,,,,,,,,,,,,,,,,,,,,,,,
eb59be15-3fef-4f6e-a4b5-c4276afef912,Let Fate Decide,Folkius,67bce20e-3306-4b83-8027-d6894d474740,,,,,,won,,,,,Ikaruga,,,,,,,,,,,,,,,,,,,,,,,,
36315fdd-66cd-459a-9d64-a74b490f1300,Let Fate Decide,Folkius,67bce20e-3306-4b83-8027-d6894d474740,,,,,,won,,,,,Hitogata Happa,,,,,,,,,,,,,,,,,,,,,,,,
9b187812-2ad2-4e26-832a-ba2a26c95f80,Let Fate Decide,Nihen,8d5cb79b-3758-4491-b9ba-cc27cb4bce88,,,,,,won,,,,,Scoot Kaboom and the Tomb of Doom,,,,,,,,,,,,,,,,,,,,,,,,
dd224ef7-a28f-43ff-a383-c614ba45b255,Let Fate Decide,cos65535,420d58f6-fa38-487f-ba11-011fba3ffdc4,,,,,,won,,,,,Equaline,,,,,,,,,,,,,,,,,,,,,,,,
84f6af0c-dce1-472c-9051-9104020c8010,Let Fate Decide,Retsu,37a70c4a-4e33-43b2-95bb-4b4d0e447ba8,,,,,,won,,,,,Necrosphere,,,,,,,,,,,,,,,,,,,,,,,,
c05b388c-0278-401e-bb92-93bad4ebd13c,Let Fate Decide,Retsu,37a70c4a-4e33-43b2-95bb-4b4d0e447ba8,,,,,,won,,,,,Disc Room,,,,,,,,,,,,,,,,,,,,,,,,
e2d2fe96-bec3-4ae2-bc09-a963f786a605,Let Fate Decide,KingConn,5053c1de-d3cf-4c5e-92e8-ec90607cde11,,,,,,won,,,,,Super Meat Boy,,,,,,,,,,,,,,,,,,,,,,,,
5215d550-4cd5-4bdf-b86b-3bde46a96414,Let Fate Decide,Breed,319f5820-b03e-4052-b737-259b0cd5c207,,,,,,won,,,,,DEADBOLT,,,,,,,,,,,,,,,,,,,,,,,,
d1261f6d-7006-4863-8491-96f5709013e4,Let Fate Decide,Zelda,16e75bae-270a-48f0-abe9-5de4c81d3784,,,,,,won,,,,,Splasher,,,,,,,,,,,,,,,,,,,,,,,,
309ebbd4-7efa-481a-b626-75434282926f,Let Fate Decide,Zelda,16e75bae-270a-48f0-abe9-5de4c81d3784,,,,,,won,,,,,Rotund Rebound,,,,,,,,,,,,,,,,,,,,,,,,
efcf573e-9119-44fe-9dfc-90617c22e154,Let Fate Decide,Zelda,16e75bae-270a-48f0-abe9-5de4c81d3784,,,,,,won,,,,,Rabi-Ribi,,,,,,,,,,,,,,,,,,,,,,,,
a337efb0-3a1f-44d8-8be0-624e5a786772,Let Fate Decide,Ramia,992f86df-6327-47f7-ba0c-0212126c0aaf,,,,,,won,,,,,∀kashicverse -Malicious Wake-,,,,,,,,,,,,,,,,,,,,,,,,
cfac3588-f6a7-4a82-b928-31afc07c77cd,Let Fate Decide,Koolboom,75360635-954f-4422-aa80-2460ecda0bdf,,,,,,won,,,,,Splasher,,,,,,,,,,,,,,,,,,,,,,,,
ed329042-ab32-4810-9535-0d3d5172bd42,Let Fate Decide,Natalie,75875716-9a2e-44c1-bca4-0ba3aeb7f927,,,,,,won,,,,,Phantom Jump,,,,,,,,,,,,,,,,,,,,,,,,
574402ee-0c58-4892-b86f-bc164890f8c9,Let Fate Decide,Natalie,75875716-9a2e-44c1-bca4-0ba3aeb7f927,,,,,,won,,,,,Sunblaze,,,,,,,,,,,,,,,,,,,,,,,,
6a26236b-dd87-4e99-b417-bc7f5772f2dc,Let Fate Decide,Nihen,8d5cb79b-3758-4491-b9ba-cc27cb4bce88,,,,,,won,,,,,Splasher,,,,,,,,,,,,,,,,,,,,,,,,
7256bbea-41c5-4234-b621-61d3646bc25a,Let Fate Decide,1Kick234,5d5518a1-fdee-426b-ae2d-6d9c22a8a941,,,,,,won,,,,,Avoid - Sensory Overload,,,,,,,,,,,,,,,,,,,,,,,,
333e3974-7a83-43b1-8fa0-c8ee9e2d3031,Let Fate Decide,Cirpacha,5832186a-2fb1-478f-a3e3-67f8e632ce82,,,,,,won,,,,,Scoot Kaboom and the Tomb of Doom,,,,,,,,,,,,,,,,,,,,,,,,
480e9dac-3d03-44dd-a18c-65f4cec90959,Let Fate Decide,Cirpacha,5832186a-2fb1-478f-a3e3-67f8e632ce82,,,,,,won,,,,,Giana Sisters: Twisted Dreams,,,,,,,,,,,,,,,,,,,,,,,,
ae6fdf95-8883-48ec-a55b-2ce43db1a69b,Let Fate Decide,actor-river,171aeeb8-555c-41eb-b18d-49ea572b8061,,,,,,won,,,,,Vault of the Void,,,,,,,,,,,,,,,,,,,,,,,,
384e996b-df64-4cca-949c-ca097811439b,Let Fate Decide,Owl,bb3759e6-8212-4e82-8de6-a94db63daf71,,,,,,won,,,,,Slay the Spire,,,,,,,,,,,,,,,,,,,,,,,,
2c86ea45-31cd-422f-9663-04524f870edd,Let Fate Decide,kiehi,bc54ac04-976e-4d7b-b24e-bfb52c6db0fa,,,,,,won,,,,,Thumper,,,,,,,,,,,,,,,,,,,,,,,,
7178bdb3-8f61-4b36-b84a-2dca8eda0464,Let Fate Decide,Schmole,f79b9aa8-b7c1-43b9-95e3-c50c35120a22,,,,,,won,,,,,Scoot Kaboom and the Tower of Doom,,,,,,,,,,,,,,,,,,,,,,,,
36c06373-ec09-411e-b492-acaa07e2dd5f,Let Fate Decide,Schmole,f79b9aa8-b7c1-43b9-95e3-c50c35120a22,,,,,,won,,,,,One Finger Death Punch,,,,,,,,,,,,,,,,,,,,,,,,
656c5937-f9e2-47b2-9de9-51861714e768,Let Fate Decide,Jayjay,63c6839c-ca09-45b2-af81-9cb4bb63b10b,,,,,,won,,,,,Monster Train,,,,,,,,,,,,,,,,,,,,,,,,
1c022c6a-da04-4fa3-a3bc-229e6b3f396d,Let Fate Decide,SUM10,e47db200-15af-48e1-819d-2742c7263648,,,,,,won,,,,,Stickit,,,,,,,,,,,,,,,,,,,,,,,,
51f55a4f-e396-4597-8711-db16d22049c5,Let Fate Decide,Kanra,10730cd6-fd4b-485d-ba32-6f8feb80fd40,,,,,,won,,,,,Riptale,,,,,,,,,,,,,,,,,,,,,,,,
46748a50-a9ce-4f83-9319-366ede892a76,Let Fate Decide,Uzzbuzz,9e83dc6b-9c6b-4949-9928-722636f749ab,,,,,,won,,,,,Super Meat Boy Forever,,,,,,,,,,,,,,,,,,,,,,,,
479091cd-11f7-4d6f-9e51-66bdc81d54b1,Fourward Thinking,Wantarou,eebbf608-18b4-4f40-9bbb-1c49b9c64fe0,,,,,,won,0,,,,Iwate Mountain Dance,Astrodogs,Bleed,Angry Video Game Nerd Adventures,,,,,,,,,,,,,,,,,,,,,
fa0b0753-4c01-4217-8e79-9473436d1841,Fourward Thinking,Legion,9b3ba1a6-e3b2-4966-a142-1ffa05002f97,,,,,,won,0,,,,Russian Subway Dogs,Cloak and Dasher,ALLTYNEX Second,Gurumin: A Monstrous Adventure,,,,,,,,,,,,,,,,,,,,,
d5937516-5d4a-4328-84f1-70dc36659d64,Fourward Thinking,Leaf,89a106f5-4c9b-4b81-be82-fb3d360bf654,,,,,,won,0,,,,#Snake2 DX: Reawakening,Alwa's Awakening,One Step From Eden,Riptale,,,,,,,,,,,,,,,,,,,,,
392f2fb2-ad9e-46db-a4d0-3a9ad0a48b2b,Fourward Thinking,Nuepiyoo,42eeb080-51e4-403d-9330-23dadd5d8e79,,,,,,won,0,,,,The Treehouse Man,Super Multitasking,Colt Canyon,Splasher,,,,,,,,,,,,,,,,,,,,,
29b00394-1417-4281-a1f5-cc9b72095c09,Fourward Thinking,cos65535,420d58f6-fa38-487f-ba11-011fba3ffdc4,,,,,,won,0,,,,Deneb,Lovely Planet 2,Bouncing Hero,Crashlands,,,,,,,,,,,,,,,,,,,,,
06a4ca0c-e036-4570-8c66-dfffc6c09d1b,Fourward Thinking,Kostucha,7c2c6d6b-ffc2-49c7-8c9c-26b8455eb26f,,,,,,won,0,,,,Lovely Planet Arcade,Tricky Towers,They Bleed Pixels,Scoot Kaboom and the Tomb of Doom,,,,,,,,,,,,,,,,,,,,,
7c696916-2336-4034-9553-f70580e5a6fd,Fourward Thinking,Zelda,16e75bae-270a-48f0-abe9-5de4c81d3784,,,,,,won,0,,,,ASTRONAUTILUS,Steamworld Dig 2,Furi,Rotund Rebound,,,,,,,,,,,,,,,,,,,,,
ab4307b8-dd5e-42ea-9c65-91c6f9bb5084,Fourward Thinking,Folkius,67bce20e-3306-4b83-8027-d6894d474740,,,,,,won,1,,,,Panic Porcupine,Rhythm Sprout,Midnight Fight Express,Hitogata Happa,,,,,,,,,,,,,,,,,,,,,
4da209e4-8193-4a0f-bda1-f57dd35114d3,Fourward Thinking,Cirpacha,5832186a-2fb1-478f-a3e3-67f8e632ce82,,,,,,won,1,,,,Zenodeath,Velocibox,Bleed,Rotund Rebound,,,,,,,,,,,,,,,,,,,,,
b4cf5021-5485-47e2-9a37-c9b9ae4d4c8f,Fourward Thinking,SUM10,e47db200-15af-48e1-819d-2742c7263648,,,,,,won,0,,,,PUSS!,Fist's Elimination Tower,Peggle Nights,Fantastic Danmaku Festival II,,,,,,,,,,,,,,,,,,,,,
6d871ba8-fcdc-4eae-8ab3-2691a458a113,Destiny Alignment,Schmole,f79b9aa8-b7c1-43b9-95e3-c50c35120a22,Uzzbuzz,9e83dc6b-9c6b-4949-9928-722636f749ab,,,,won,,,,,Duke Dashington,Sonic All Stars Racing Transformed,,,,,,,,,,,,,,,,,,,,,,,
37a163ab-6780-48f5-8681-57cc3e4681eb,Destiny Alignment,Loyal,36cb85be-ab7b-4293-b7ac-c2920297eaa2,Natalie,75875716-9a2e-44c1-bca4-0ba3aeb7f927,,,,won,,,,,Gunborg,Singled Out,,,,,,,,,,,,,,,,,,,,,,,
230e6488-c739-496a-9f0c-20923ecbadf0,Destiny Alignment,Folkius,67bce20e-3306-4b83-8027-d6894d474740,Sr. Douglas,ae791c2c-8946-495b-83a5-01fcc963f89e,,,,won,,,,,SUPERHOT,Danmaku Unlimited 3,,,,,,,,,,,,,,,,,,,,,,,
d946792f-3431-4feb-9162-75e4830ce88e,Destiny Alignment,Lake,fb0eea6e-8b3a-482f-962a-28ab2762dce9,mbed,2ae3c150-b450-4173-b7ca-ed33d3ff4d4e,,,,won,,,,,pureya,Keep Talking and Nobody Explodes,,,,,,,,,,,,,,,,,,,,,,,
abd77699-aaad-49e5-82f3-0e047776d5a7,Destiny Alignment,Desticler,ee38146b-ed28-4d10-bc52-507547d10dbe,Kyara,da031a54-caa3-42a1-9cce-ae9fd6b180b6,,,,won,,,,,Sonic Generations Collection,Peggle Extreme,,,,,,,,,,,,,,,,,,,,,,,
04f46596-4c3e-4993-8249-b25a27ee5a7d,Destiny Alignment,NiceStickman,e5c4c97a-b7c5-46f4-9a2c-a484d5ef255f,Apollo,835afaad-0059-4e39-b24f-24b2c76b1d08,,,,won,,,,,Eraser,Portal,,,,,,,,,,,,,,,,,,,,,,,
f4ffa4c6-0886-4d0a-b921-45fa9be6d42b,Destiny Alignment,Cirpacha,5832186a-2fb1-478f-a3e3-67f8e632ce82,Legion,9b3ba1a6-e3b2-4966-a142-1ffa05002f97,,,,won,,,,,Let's Worm,SEUM,,,,,,,,,,,,,,,,,,,,,,,
916ad06a-f3e4-4da6-8d9d-744cb5ae10da,Destiny Alignment,Legion,9b3ba1a6-e3b2-4966-a142-1ffa05002f97,Zawy,e4506f59-1c98-4e0b-9d27-eef6ab7ac69b,,,,won,,,,,Lingo,BALLYGON,,,,,,,,,,,,,,,,,,,,,,,
2da8da69-61a1-45b4-84fb-2ca640492731,Destiny Alignment,Natalie,75875716-9a2e-44c1-bca4-0ba3aeb7f927,Zelda,16e75bae-270a-48f0-abe9-5de4c81d3784,,,,won,,,,,Lost Potato,Magicat,,,,,,,,,,,,,,,,,,,,,,,
f8d197cc-9080-44dd-b6dc-32692d281216,Destiny Alignment,Schmole,f79b9aa8-b7c1-43b9-95e3-c50c35120a22,Legion,9b3ba1a6-e3b2-4966-a142-1ffa05002f97,,,,won,,,,,Russian Subway Dogs,Neon White,,,,,,,,,,,,,,,,,,,,,,,
7b1aad0a-0db4-43b3-a28c-83294c23ec00,Destiny Alignment,Desert Stream,f1a98c45-1b13-47f8-a143-428c74b92a54,Fireball,edb19b67-a4c7-4a51-84d4-97cd25f00d45,,,,won,,,,,Flem,Spectraball,,,,,,,,,,,,,,,,,,,,,,,
57434888-98df-4b27-96ed-6be336b7c3a9,Destiny Alignment,Oatmeal,a2e5c171-b85f-41af-b4b1-0db99a76f290,Emma,5d63666a-964c-45bb-be81-85510ed1f20c,,,,won,,,,,Clustertruck,Neon White,,,,,,,,,,,,,,,,,,,,,,,
4b0a2b88-4ee6-4c50-be14-cb1009cd8f68,Destiny Alignment,Yesnt,39b21858-e503-4faf-8889-b5e786bae018,ssqwpola,0953baed-fb96-4651-9fe0-9db13f0b94a6,,,,won,,,,,Spelunky 2,Micro Platformer,,,,,,,,,,,,,,,,,,,,,,,
a452615d-7614-406e-9b9a-5c519460953f,Destiny Alignment,Cirpacha,5832186a-2fb1-478f-a3e3-67f8e632ce82,Legion,9b3ba1a6-e3b2-4966-a142-1ffa05002f97,,,,won,,,,,NEO NEO,Umbral Omen,,,,,,,,,,,,,,,,,,,,,,,
cbb63326-b9ce-4967-bbbf-c151775b3dc2,Destiny Alignment,Ben,9eb48426-4d19-4278-9fae-e66fc3daecce,Yesnt,39b21858-e503-4faf-8889-b5e786bae018,,,,won,,,,,Donut Dodo,Keep Talking and Nobody Explodes,,,,,,,,,,,,,,,,,,,,,,,
72674855-33d7-47e2-b703-7ecc394c4aad,Destiny Alignment,Razman,345b76fd-759f-42b5-944c-e40a2aaf03a9,Samiversal,7b89c1d7-b408-477c-aeee-444e97ad6fd4,,,,won,,,,,SUPERVOID,Tasty Planet,,,,,,,,,,,,,,,,,,,,,,,
7ba62e42-340e-4d4c-8699-78b431b3d21c,Destiny Alignment,Schmole,f79b9aa8-b7c1-43b9-95e3-c50c35120a22,Kingconn,5053c1de-d3cf-4c5e-92e8-ec90607cde11,,,,won,,,,,Ninjin: Clash of Carrots,Umihara Kawase Shun,,,,,,,,,,,,,,,,,,,,,,,
6762bc79-fbc0-4f76-b710-9845792983c0,Destiny Alignment,Schmole,f79b9aa8-b7c1-43b9-95e3-c50c35120a22,Cirpacha,5832186a-2fb1-478f-a3e3-67f8e632ce82,,,,won,,,,,Trombone Champ,Will You Snail?,,,,,,,,,,,,,,,,,,,,,,,
513ee22a-93b9-411e-8691-305513fde120,Soul Mates,Folkius,67bce20e-3306-4b83-8027-d6894d474740,Sr. Douglas,ae791c2c-8946-495b-83a5-01fcc963f89e,,,,won,,,,,Dig Dog,,,,,,,,,,,,,,,,,,,,,,,,
8dafd482-058b-4510-896b-73ade46578f3,Soul Mates,Vantier,150799a6-9f03-48e2-8724-25f69405ce27,Loyal,36cb85be-ab7b-4293-b7ac-c2920297eaa2,,,,won,,,,,GrappleWell,,,,,,,,,,,,,,,,,,,,,,,,
ae79ef7f-3ef8-45db-a574-1c3afcc3e928,Soul Mates,Nuepiyoo,42eeb080-51e4-403d-9330-23dadd5d8e79,kiehi,bc54ac04-976e-4d7b-b24e-bfb52c6db0fa,,,,won,,,,,Titan Souls,,,,,,,,,,,,,,,,,,,,,,,,
0a01a4fb-2a02-4088-a5fa-fe8d9dd38fdc,Soul Mates,Ramia,992f86df-6327-47f7-ba0c-0212126c0aaf,からあげ,c8958519-547b-4171-aec7-b3988cfedabd,,,,won,,,,,Jumpgrid,,,,,,,,,,,,,,,,,,,,,,,,
68caf21e-04a0-4fab-ba0b-4b4281edf8b3,Soul Mates,KingConn,5053c1de-d3cf-4c5e-92e8-ec90607cde11,Pralkarz,a3ff12e0-b942-407e-bff0-c0065d6c509d,,,,won,,,,,Bloodroots,,,,,,,,,,,,,,,,,,,,,,,,
20955e87-575c-421f-adb8-af29bf492f86,Soul Mates,Pralkarz,a3ff12e0-b942-407e-bff0-c0065d6c509d,Feuzaed,1f440d1d-462a-4665-a45a-efab06b8353c,,,,won,,,,,Last Command,,,,,,,,,,,,,,,,,,,,,,,,
c5b230c1-a0f9-4f68-801c-b5b1b0d63262,Soul Mates,Lake,fb0eea6e-8b3a-482f-962a-28ab2762dce9,mbed,2ae3c150-b450-4173-b7ca-ed33d3ff4d4e,,,,won,,,,,Run Turn Die,,,,,,,,,,,,,,,,,,,,,,,,
3c4b02ce-a3a7-4f86-96ee-f9073d9e08b4,Soul Mates,Apollo,835afaad-0059-4e39-b24f-24b2c76b1d08,Tired,1538b2e3-ec4f-476f-8c88-39be21f8d79e,,,,won,,,,,Neon Boost,,,,,,,,,,,,,,,,,,,,,,,,
51a763af-f9fd-4f1a-92f0-9c5027851b72,Soul Mates,Water,bf1c8598-ad57-4b6f-9887-6850520f3092,Brendan,053dcb37-004b-4f17-a318-eb0591c23722,,,,won,,,,,Seraphim,,,,,,,,,,,,,,,,,,,,,,,,
b77f60d2-1497-4ab1-a4ce-a338ed1f289c,Soul Mates,Wantarou,eebbf608-18b4-4f40-9bbb-1c49b9c64fe0,Uribo,1dac4120-0b2d-4f93-8ad3-c7b971447837,,,,won,,,,,within the blade,,,,,,,,,,,,,,,,,,,,,,,,
d5942451-15bf-473c-a832-e3a1ca220477,Soul Mates,Schmole,f79b9aa8-b7c1-43b9-95e3-c50c35120a22,Legion,9b3ba1a6-e3b2-4966-a142-1ffa05002f97,,,,won,,,,,Angry Video Game Nerd II: ASSimilation,,,,,,,,,,,,,,,,,,,,,,,,
5d5866b3-9ce3-4e59-a445-c77b1c9b09f2,Soul Mates,Cirpacha,5832186a-2fb1-478f-a3e3-67f8e632ce82,Kanra,10730cd6-fd4b-485d-ba32-6f8feb80fd40,,,,won,,,,,Rock of Ages,,,,,,,,,,,,,,,,,,,,,,,,
6d866cd7-8d76-4d14-9147-8b5e52f347ee,Teamwork Makes the Dream Work,Wantarou,eebbf608-18b4-4f40-9bbb-1c49b9c64fe0,Uribo,1dac4120-0b2d-4f93-8ad3-c7b971447837,,,,won,,,,,Pizza Tower,Cursed Castilla,Operation STEEL,Fury Unleashed,,,,,,,,,,,,,,,,,,,,,
9ccba3be-6440-4044-915e-3f3354fe849a,Teamwork Makes the Dream Work,Natalie,75875716-9a2e-44c1-bca4-0ba3aeb7f927,Calypso,c0225edd-616c-4fdf-a1b4-35351bd8843f,,,,won,,,,,Like Dreamer,Q,Wrack,Steamworld Heist,,,,,,,,,,,,,,,,,,,,,
f66aefc0-7d81-4950-8649-f90beac5a015,Teamwork Makes the Dream Work,Koolboom,75360635-954f-4422-aa80-2460ecda0bdf,SakumaDrops,a2032443-ba6a-416a-8ee3-47e8ab918ff8,,,,won,,,,,Shooting Game KARI,ALLTYNEX Second,Colt Canyon,Super High Ball: Pinball Platformer,,,,,,,,,,,,,,,,,,,,,
4b64dab8-13bc-46f5-a517-a535ecd82740,Teamwork Makes the Dream Work,Nuepiyoo,42eeb080-51e4-403d-9330-23dadd5d8e79,ぎょーざ,750a204e-f26f-4c44-a0bc-1b244d849c0f,,,,won,,,,,Shooting Game KARI,One Step From Eden,Yumori Forest,Miska's Cave,,,,,,,,,,,,,,,,,,,,,
1e35ea0a-2df9-4f49-a9ab-8c1627e7a045,Teamwork Makes the Dream Work,Legion,9b3ba1a6-e3b2-4966-a142-1ffa05002f97,Kingcoon,5053c1de-d3cf-4c5e-92e8-ec90607cde11,,,,won,,,,,Eggcelerate!,Umihara Kawase Shun,Super Lumi Live,Touhou Nemuri Sekai - Wonderful Waking World,,,,,,,,,,,,,,,,,,,,,