Unnamed: 0,100,Unnamed: 2,Unnamed: 3,Unnamed: 4,100.1,Unnamed: 6,Unnamed: 7,Unnamed: 8,Unnamed: 9,Unnamed: 10,Unnamed: 11,Unnamed: 12,Unnamed: 13,Unnamed: 14,Unnamed: 15,Unnamed: 16,Unnamed: 17,Unnamed: 18,Unnamed: 19,Unnamed: 20,Unnamed: 21,Unnamed: 22,Unnamed: 23,Unnamed: 24,Unnamed: 25,Unnamed: 26,Unnamed: 27,Unnamed: 28,Unnamed: 29,Unnamed: 30,Unnamed: 31,Unnamed: 32,Unnamed: 33,Unnamed: 34,Unnamed: 35,Unnamed: 36,Unnamed: 37,Unnamed: 38,Unnamed: 39,Unnamed: 40,Unnamed: 41,Unnamed: 42,Unnamed: 43,Unnamed: 44,Unnamed: 45,Unnamed: 46,Unnamed: 47,Unnamed: 48,Unnamed: 49,Unnamed: 50,Unnamed: 51,Unnamed: 52,Unnamed: 53,Unnamed: 54,Unnamed: 55,Unnamed: 56,Unnamed: 57,Unnamed: 58,Unnamed: 59,Unnamed: 60,Unnamed: 61,Unnamed: 62,Unnamed: 63,Unnamed: 64,Unnamed: 65,Unnamed: 66,Unnamed: 67,Unnamed: 68,Unnamed: 69,Unnamed: 70,Unnamed: 71,Unnamed: 72,Unnamed: 73,Unnamed: 74,Unnamed: 75,Unnamed: 76,Unnamed: 77,Unnamed: 78,Unnamed: 79,Unnamed: 80,Unnamed: 81,Unnamed: 82,Unnamed: 83,Unnamed: 84,Unnamed: 85,Unnamed: 86,Unnamed: 87,Unnamed: 88,Unnamed: 89,Unnamed: 90,Unnamed: 91,Unnamed: 92,Unnamed: 93,Unnamed: 94,Unnamed: 95,Unnamed: 96,Unnamed: 97,Unnamed: 98,Unnamed: 99,Unnamed: 100,Unnamed: 101,Unnamed: 102,Unnamed: 103,Unnamed: 104,Unnamed: 105,Unnamed: 106,Unnamed: 107,Unnamed: 108,Unnamed: 109,Unnamed: 110,Unnamed: 111,Unnamed: 112,Unnamed: 113,Unnamed: 114,Unnamed: 115,Unnamed: 116,Unnamed: 117,Unnamed: 118,Unnamed: 119,Unnamed: 120,Unnamed: 121,Unnamed: 122,Unnamed: 123,Unnamed: 124,Unnamed: 125,Unnamed: 126,Unnamed: 127,Unnamed: 128,Unnamed: 129,Unnamed: 130,Unnamed: 131,Unnamed: 132,Unnamed: 133,Unnamed: 134
,,,Casino Leaderboard,,,,,,,,,,,,,,,,,,,,,,,,"Please note: you have a 1/6th chance of rolling strategy in hell of a week and hell of a month, replacing another category.",,,,,,,,,,,,,,"Please note: you have a 1/6th chance of rolling strategy in hell of a week and hell of a month, replacing another category.",,,,,,,,,,,,,,,,,,,,,,,,,,,,,,,,,,,,,,,,,,,,,,,,,,,,,,,,,,,,,,,,,,,,,,,,,,,,,,,,,,,,,,,,,,,,,
,,,Name,,,,Achievement,,,,,,,,,,,,,,,,,,,,,,,,,,,,,,,,,,,,,,,,,,,,,,,,,,,,,,100.0,,,,,,,,,,,,,,,,,,,,,,,,,,,,,,,,,,,,,,,,,,,,,,,,,,,,,,,,,,,,,,,,,,,,,,,,,
,,1.0,Zelda,140.0,,,One Hell of a Day,1.0,0.0,,,,,,,,,,,,,,,,,,,,,,,,,,,,,,,,,,,,,,,,,,,,,,,,,,,,,,,,,,,,,,,,,,,,,,,,,,,,,,,,,,,,,,,,,,,,,,,,,,,,,,,,,,,,,,,,,,,,,,,,,,,,,
,,2.0,Legion,136.0,,,One Hell of a Week,7.0,-2.0,,,,,,,,,,,,,,,,,,,,,,,,,,,,,,,,,,,,,,,,,,,,,,,,,,,,,,,,,,,,,,,,,,,,,,,,,,,,,,,,,,,,,,,,,,,,,,,,,,,,,,,,,,,,,,,,,,,,,,,,,,,,,
,,3.0,cos65535,127.0,,,One Hell of a Month,18.0,-5.0,,,,,,,,,,,,,,,,,,,,,,,,,,,,,,,,,,,,,,,,,,,,,,,,,,,,,,,,,,,,,,,,,,,,,,,,,,,,,,,,,,,,,,,,,,,,,,,,,,,,,,,,,,,,,,,,,,,,,,,,,,,,,
,,4.0,leaf,119.0,,,Two Week T2 Streak,4.0,-1.0,,,,,,,,,,,,,,,,,,,,,,,,,,,,,,,,,,,,,,,,,,,,,,,,,,,,,,,,,,,,,,,,,,,,,,,,,,,,,,,,,,,,,,,,,,,,,,,,,,,,,,,,,,,,,,,,,,,,,,,,,,,,,
,,5.0,Schmole,118.0,,,"Two ""Two Week T2 Streak"" Streak",12.0,-2.0,,,,,,,,,,,,,,,,,,,,,,,,,,,,,,,,,,,,,,,,,,,,,,,,,,,,,,,,,,,,,,,,,,,,,,,,,,,,,,,,,,,,,,,,,,,,,,,,,,,,,,,,,,,,,,,,,,,,,,,,,,,,,
,,6.0,wantarou,105.0,,,Never Lucky,4.0,-1.0,,,,,,,,,,,,,,,,,,,,,,,,,,,,,,,,,,,,,,,,,,,,,,,,,,,,,,,,,,,,,,,,,,,,,,,,,,,,,,,,,,,,,,,,,,,,,,,,,,,,,,,,,,,,,,,,,,,,,,,,,,,,,
,,7.0,Folkius,98.0,,,Triple Threat,15.0,-3.0,,,,,,,,,,,,,,,,,,,,,,,,,,,,,,,,,,,,,,,,,,,,,,,,,,,,,,,,,,,,,,,,,,,,,,,,,,,,,,,,,,,,,,,,,,,,,,,,,,,,,,,,,,,,,,,,,,,,,,,,,,,,,
,,8.0,Nuepiyoo,97.0,,,Let Fate Decide,8.0,-2.0,,,,,,,,,,,,,,,,,,,,,,,,,,,,,,,,,,,,,,,,,,,,,,,,,,,,,,,,,,,,,,,,,,,,,,,,,,,,,,,,,,,,,,,,,,,,,,,,,,,,,,,,,,,,,,,,,,,,,,,,,,,,,
,,9.0,Kostucha,92.0,,,Fourward Thinking,18.0,-6.0,,,,,,,,,,,,,,,,,,,,,,,,,,,,,,,,,,,,,,,,,,,,,,,,,,,,,,,,,,,,,,,,,,,,,,,,,,,,,,,,,,,,,,,,,,,,,,,,,,,,,,,,,,,,,,,,,,,,,,,,,,,,,
,,10.0,Ramia,75.0,,,Russian Roulette,20.0,-4.0,,,,,Name,Game,,,,,Can re-roll on,,,Name,Action,,Arcade,,Bullet Hell,,First-Person,,Platformer,,,Can re-roll on,,,,Rules / Restrictions,,,,,,,,,,,,,,Name,Game 1,,Game 2,,,Can re-roll on,,,,Rules / Restrictions,,,,,,,,,,,,,Name,Game,,,,,,Can re-roll on,,,Rules / Restrictions,,,,,,,,,,Name,Game,,,,,,Can re-roll on,,,Rules:,,,,,,,,,,,,Rules / Restrictions,,,,,,,,,,,,,,,,
,,11.0,ZALOLO,73.0,,,,,,,,,,Emma,Crossing Guard Joe,,,,05/31,Now,06/01,,Kaley,GoNNER,,Boson X,,Ellipsis,,INDUSTRIA,,Salmon Ninja,,06/29,Now,07/19,,,You will get 5 different T1s from each of the 5 categories chosen adding up to 25 games total,,,,,,,,,,,,,,Chebyshevrolet,TWWWR,,,,06/16,Now,06/23,,,You can't roll locked games for whatever reason they are locked,,,,,,,,,,,,,Ritsuki,Blind Drive,,,,,12/01,Now,,,You can't roll locked games for whatever reason they are locked,,,,,,,,,,Athena,Disc Room,,,,,12/01,Now,,,Pick a category -> random T1 is rolled in that category -> complete it within a week,,,,,,,,,,,,You can't pick a game you have already completed,,,,,,,,,,,,,,,,
,,11.0,Uribo,73.0,,,Co-op,,,,,,,Chebyshevrolet,Alien Shooter,,,,06/02,Now,06/03,,Pralkarz,XANDO: Xtreme & Over the Top,(strategy),SOMOS,,RAIN project,,Spelldash,,Lantern Bearer,,11/26,Now,12/03,,,"You are required to complete 3 out 5 games from each of the categories, so 3 platformers, 3 arcade, etc. You choose which 3 of the 5 from each category to complete (totaling 15 separate completed T1s)",,,,,,,,,,,,,,Rainbow,Xmas Shooting - Scramble!!,,,,07/14,Now,07/21,,,You can't roll a game you have already completed,,,,,,,,,,,,,Sp1nz,Skybolt Zack,,,,,12/01,Now,,,You can't roll a game you have already completed,,,,,,,,,,Chebyshevrolet,I Wanna Be The Cat,,,,,12/01,Now,,,Then pick a different category -> random T2 is rolled in that category -> complete it within 2 weeks,,,,,,,,,,,,You must set your game details to public and have your profile synced before receiving your roll,,,,,,,,,,,,,,,,
,,11.0,KingConn,73.0,,,Destiny Alignment,,,,,,,Alan Quake,Void Prison,,,,07/31,Now,08/01,,,,,,,,,,,,,,,,,,You can't roll locked games for whatever reason they are locked,,,,,,,,,,,,,,Crappy,Rise & Shine,,,,07/22,Now,07/29,,,You can't roll a game that has an average completion time of over 40 hours.,,,,,,,,,,,,,tater,Will You Snail,,,,,12/01,Now,,,You can't roll a game that has an average completion time of over 40 hours.,,,,,,,,,,Jayde,One Finger Death Punch,,,,,12/01,Now,,,Then pick a category not chosen yet -> random T3 is rolled in that category -> complete it within 3 weeks,,,,,,,,,,,,"If you have completed all options in a category, that category is removed from the rollable options",,,,,,,,,,,,,,,,
,,12.0,Cirpacha,72.0,,,Soul Mates,,,,,,,LoyalDeath,The Treehouse Man,,,,08/09,Now,08/10,,,,,,,,,,,,,,,,,,You can't roll a game you have already completed,,,,,,,,,,,,,,Tired,Super Lovely Planet,,,,11/16,Now,11/23,,,You can't roll a game that costs more than $19.99 (unless there is a sale at the time of the roll that would bring it into that range),,,,,,,,,,,,,andy,HUNTDOWN,,,,,12/01,Now,,,You can't roll a game that costs more than $19.99 (unless there is a sale at the time of the roll that would bring it into that range),,,,,,,,,,Maniac,Extricate,,,,,12/01,Now,,,Then pick a category not chosen yet -> random T4 is rolled in that category -> complete it within 4 weeks,,,,,,,,,,,,"Wheel of Names will be used to decide the game, and, optionally, can be livestreamed with the person present",,,,,,,,,,,,,,,,
,,13.0,SUM10,70.0,,,Teamwork Makes the Dream Work,10.0,-2.0,,,,,emma,Driven Out,,,,09/08,Now,09/09,,,,,,,,,,,,,,,,,,You can't roll a game that has an average completion time of over 10 hours,,,,,,,,,,,,,,Emma,My Friend Pedro,,,,07/11,Now,07/18,,,Each of the four games must be from a different category,,,,,,,,,,,,,kabopzka,Valfaris,,,,,12/01,Now,,,,,,,,,,,,,Apollo.,Verlet Swing,,,,,12/01,Now,,,,,,,,,,,,,,,"You may pick a game with an uncleared objective, but it must already be T5 when selected, and you must clear the uncleared objectives as well",,,,,,,,,,,,,,,,
,,14.0,Breed,55.0,,,???,,,,,,,Lake,A Healer Only Lives Twice,,,,09/25,Now,09/26,,,,,,,,,,,,,,,,,,You can't roll a game that costs more than $9.99 ,,,,,,,,,,,,,,,,,,,,,,,,"If you fail to complete a game, your streak is reset.",,,,,,,,,,,,,Newfi Cheese,Furi,,,,,01/05,Now,,Name,Game 1,,Game 2,,Game 3,,,,,,Ritsuki,Avoid - Sensory Overload,,,,,12/01,Now,,,Restrictions:,,,,,,,,,,,,* = can't reroll until Let Fate Decide is cleared,,,,,,,,,,,,,,,,
,,15.0,Kiehi,36.0,,,,,,,,,,Natalie,Void Prison,,,,09/30,Now,10/01,,Name,Game,,,,,,,,,,,,,,,"Eligible games in your library will be prioritized, but not always chosen (they will appear on the wheel twice as often)",,,,,,,,,,,,,,,,,,,,,,,,,,,,,,,,,,,,,Hungarde,Valfaris,,,,,01/09,Now,,Natalie,Leo's Fortune,,Reverse x Reverse,,Plug Me,,05/11,06/08,,,Sp1nz,Odium to the Core,,,,,12/01,Now,,,"The cooldown timer is (the number games you have completed + 1) x 2 weeks, and the cooldown starts after you fail",,,,,,,,,,,,,,,,,,,,,,,,,,,,
,,16.0,Kanra,35.0,,,PvP,,,,,,,Sniba,Dr. Fetus' Mean Meat Machine,,,,10/05,Now,10/06,,SomeMugger,Akane,,Tadpole Treble,,REVOLVER360 RE:ACTOR,,High Hell,,Overclocked,,,,1,,,,,,,,,,,,,,,,,,,,,,,,,,,,,,,,,,,,,,,,Gyavenson,Happiness Drops!,,,,,01/12,Now,,Sartoonel,Boomerang X,,Dishonored,,Paint the Town Red,,08/14,09/11,,,kabopzka,Slay the Spire,,,,,12/01,Now,,,"Example: If you fail the T1, the cooldown is 2 weeks, if you fail the T4 the cooldown is 2 months",,,,,,,,,,,,Name,Game,,,,Can re-roll on,,,,,,,,,,,
,,17.0,1Kick234,31.0,,,Winner Takes All,,,(deprecated),,,,Zelda,VECTORLORD,,,,02/21,Now,02/22,,Uzzbuzz,Outbuddies,,Sound Slide,,Jet Buster,,Desync,,Salmon Ninja,,,,1,,,,,,,,,,,,,,,,,,,,,,,,,,Name,Game 1,,Game 2,,Game 3,,Game 4,,,Can re-roll on,,,,nemesis,Blind Drive,,,,,01/12,Now,,Dabba,Q - A Neon Platformer,,LOST BUBBLES: sweet mates,,Skeleton Boomerang,,12/21,1/18,3/15,,tater,Descenders,,,,,12/12,Now,,,,,,,,,,,,,,,,,,,,,,,,,,,,,,,
,,18.0,SomeMugger,30.0,,,Game Theory,4.0,-4.0,(deprecated),,,,てんのみかさ,RITE,,,,03/16,Now,03/17,,LoyalDeath,Hotline Miami,,Neo Neo,,Godstrike,,God Damn the Garden,,1001 Spikes,,,,1,,,,,,,,,,,,,,,,,,,,,,,,,,Legion,Super Chicken Jumper,,Absolute Drift,,Shmups Skill Test,,,,05/21,Now,05/28,,,calypso,Boomerang X,,,,,01/13,Now,,,,,,,,,,,,,Isak,SCP: Containment Breach Multiplayer,,,,,12/12,Now,,,You won't get a game that is impossible to complete in that timeframe (40 hours max per week is assumed),,,,,,,,,,,,,,,,,,,,,,,,,,,,
,,19.0,AkaraWa,26.0,,,ow,,,,,,,bobthezealot,An Octonaut Oddysey,,,,05/02,05/16,05/03,,Legion,Dispersio 2,,Dino Run DX,,LinearShooter Remixed,,A Story About My Uncle,,Spectraball,,,,1,,,,,,,,,,,,,,,,,Name,Game 1,,Game 2,,,,,,ZALOLO,Electronic Super Joy,,Cathedral,,,,,,05/16,Now,05/23,,,FluffyFeLuca,Fury Unleashed,,,,,01/15,Now,,,,,,,,,,,,,Rainbow,Verlet Swing,,,,,12/14,Now,,,You won't get a locked game for whatever reason it is locked,,,,,,,,,,,,Gyavenson,Kreedz Climbing,,First Person,01/30,Now,,,,,,,,,,,
,,20.0,Nihen,24.0,,,???,,,,,,,,,,,,,,,,Wantarou,Savant - Ascent,,FutureGrind,,Gunlocked,,A Story About My Uncle,,ALTF4,,,,1,,,,,,,,,,,,,,,,,Legion,Lovely Planet Remix,,Graceful Explosion Machine,,,,1,,Natalie,Tricky Towers,,,,,,,,07/22,Now,07/29,,,Nashix,QP Shooting - Dangerous!!,,,,,01/16,Now,,Name,Game 1,,Game 2,,Game 3,,,,,,Hungarde,Ys Origin,,,,,01/09,Now,,,It is possible to roll into a game you were previously assigned,,,,,,,,,,,,Quasar,APE OUT,,Action,01/30,Now,,,,,,,,,,,
,,21.0,Natalie,22.0,,,,,,,,,,,,,,,,,,,Zelda,Aggelos,,oO,,Prologue for a Vacant Kingdom,,DeadCore,,Heads Run,,,,1,,,,,,,,,,,,,,,,,Zelda,Cloak & Dasher,,Nex Machina,,,,1,,Pralkarz,Pato Box,,,,,,,,07/15,Now,07/22,,,Vnednek,Rotund Takeoff,,,,,01/30,Now,,Natalie,Umihara Kawase Shun,,Hoppup!,,Super Magbot,,,,1,,SomeMugger,[NINJA GAIDEN: Master Collection] NINJA GAIDEN Σ,,,,,01/10,Now,,,You are granted a re-roll token for each game you complete. So you can have a max of 3 by the time of your T4 roll,,,,,,,,,,,,kaley,Jump King,,Platformer,01/30,Now,,,,,,,,,,,
,,21.0,UzzBuzz,22.0,,,Co-op PvP,,,,,,,,,,,,,,,,CraziiPanduh,Bananner Nababber,,Spingun,,Linear Shooter,,Neon Boost,,Inside My Radio,,,,1,,,,,,,,,,,,,,,,,CraziiPanduh,Heavy Bullets,,Castlevania: Mirror of Fate,,,,1,,,,,,,,,,,,,,,,SomeMugger,Ys: The Oath in Felghana,,,,,02/10,Now,,Leaf,Aim Climb,,Drink More Glurp,,Hyperun,,,,1,,Uribo,Super House of Dead Ninjas,,,,,01/11,Now,,,Using a re-roll token adds one month to your cooldown,,,,,,,,,,,,ぎょーざ,APE OUT,,Action,02/08,Now,,,,,,,,,,,
,,22.0,Retsu,21.0,,,???,,,,,,,,,,,,,,,,Breed,Anarcute,,Getting Over It,,Marimoth,,Transpire,,Garlic,,,,1,,,,,,,,,,,,,,,,,Folkius,Within the Blade,,Kero Blaster,,,,1,,,,,,,,,,,,,,,,Reinhardt 6,Super High Ball: Pinball Platformer,,,,,02/10,Now,,ZALOLO,Hellsinker,,Maiden and Spell,,ALLTYNEX Second,,,,1,,Achrotone,Phantom Jump,,,,,01/11,Now,,,"Using a re-roll token resets the time you have to complete your current roll, and can be used anytime within your time limit",,,,,,,,,,,,thatguy.,HyperRogue,,Strategy,02/17,Now,,,,,,,,,,,
,,23.0,Tettrum,20.0,,,,,,,,,,,,,,,,,,,leaf,NInjin: Clash of Carrots,,Aliens Go Home Run,,Ellipsis,,Pacify,,LOVE,,,,1,,,,,,,,,,,,,,,,,wantarou,Hyper Light Drifter,,Hayfever,,,,1,,,,,,,,,,,,,,,,nikocha,BPM: BULLETS PER MINUTE,,,,,02/13,Now,,Wantarou,Mute Crimson+,,Will You Snail?,,Q - A Neon Platformer,,,,1,,nikocha,CosmoDreamer,,,,,01/12,Now,,,,,,,,,,,,,,,Kostucha,Hollow Knight,,Action,03/01,Now,,,,,,,,,,,
,,23.0,thatguy.,20.0,,,,,,,,,,,,,,,,,,,Uribo,Mini Ghost,,Neo Neo,,Prologue for a Vacant Kingdom,,Neon Boost,,Ascent,,,,1,,,,,,,,,,,,,,,,,Kostucha,Dark Devotion,,Hack or Die,,,,1,,Name,Game 1,,Game 2,,Game 3,,Game 4,,,,,,,Qrowe,Spelunky,,,,,02/15,Now,,Breed,Yooka Laylee & Impossible Lair,,Super Magbot,,Ori and the Blind Forest,,,,1,,Blizzy,Descenders,,,,,01/12,Now,,,,,,,,,,,,,,,Leaf,The End is Nigh,,Platformer,03/01,Now,,,,,,,,,,,
,,23.0,ssqwpol,20.0,,,,,,,,,,,,,,,,,,,Natalie,Apple Slash,,Nights Into Dreams,,Jet Buster,,High Hell,,"Quickly, Quackley!",,,,1,,,,,,,,,,,,,,,,,ZALOLO,Zuma's Revenge,,FOTONICA,,,,1,,Zelda,E.Z,,Deepest Sword,,Danmaku Unlimited 2,,Hotline Miami 2,,,,1,,,NEX,Hellsinker,,,,,02/19,Now,,Uribo,Eryi's Action,,Sockventure,,Q - A Neon Platformer,,,,1,,calypso,Super Meat Boy,,,,,01/13,Now,,,,,,,,,,,,,,,Folkius,Dustforce DX,,Platformer,03/09,Now,,,,,,,,,,,
,,23.0,Hisa,20.0,,,,,,,,,,Name,Game,,,,,,,,FluffFeLuca,Akane,,Tetradecagon,,PuPaiPo Space Deluxe,,Slender: the Arrival,,Big Flappy Tower VS Tiny Square,,,,1,,,,,,,,,,,,,,,,,Breed,64,,Last Command,,,,1,,Nuepiyoo,"You will die a lot buddy, trust me!",,One Wheel Guy,,Murasaki Tsurugi,,Fotonica,,,,1,,,Athena,Space Invaders Extreme,,,,,02/26,Now,,Folkius,ALLTYNEX Second,,Murasaki,,Like Dreamer,,,,1,,NEX,Eagle Island Twist,,,,,01/18,Now,,,,,,,,,,,,,,,Nihen,Pogostuck,,Arcade,03/25,Now,,,,,,,,,,,
,,24.0,ぎょーざ,17.0,,,Relative Point Values:,,,,,,,Kostucha,Dragon's Lair,,,,,,1,,Folkius,Cybarian,,Speed Limit,,RefleX,,Slender: the Arrival,,Platformity,,,,1,,,,,,,,,,,,,,,,,Vnednek,Dunkypung,,Within the Blade,,,,1,,Wantarou,Ziggurat,,My Friend Pedro,,Fist's Elmination Tower,,Danmaku Unlimited 3,,,,1,,,Pig,All Day Dying,,,,,02/27,Now,,Zelda,Super Lumi Live,,Ori and the Blind Forest,,Eryi's Action,,,,1,,irrealis,Trackmania Stadium,,,,,01/25,Now,,,,,,,,,,,,,,,Retsu,Cloudberry Kingdom,,Platformer,04/03,Now,,,,,,,,,,,
,,25.0,CraziiPanduh,12.0,,,Tier 1,1.0,,,,,,Quasar,Another Perspective,,,,,,1,,ZALOLO,Mega Serval,,Sullen,,Void Prison,,Alien Removal Division,,Konrad the Rocket,,,,1,,,,,,,,,,,,,,,,,SomeMugger,Nowhere Patrol,,Omnibus,,,,1,,Folkius,Super Multitasking,,FOTONICA,,Hack or Die,,BIT.TRIP FATE,,,,1,,,Quasar,Spelunky,,,,,02/27,Now,,cos65535,PAWARUMI,,Hellsinker,,DANMAKAI: Red Forbidden Fruit,,,,1,,Vnednek,SCP: Containment Breach Multiplayer,,,,,01/30,Now,,,,,,,,,,,,,,,Koolboom,Katana ZERO,,Action,06/25,Now,,,,,,,,,,,
,,26.0,calypso,11.0,,,Tier 2,2.0,,,,,,Legion,Panic Porcupine,,,,,,1,,Kostucha,Akane,,Speed Limit,,Blast Rush Classic,,Neon Boost,,Super Hamster Ball,,,,1,,,,,,,,,,,,,,,,,Joker,Rise & Shine,,Run or Die,,,,1,,Leaf,In Retrospect,,Hyper Light Drifter,,Typing of the Dead: Overkill,,Quantum Conundrum,,,,1,,,LoyalDeath,A Hat in Time,,,,,03/01,Now,,Nuepiyoo,Ori and the Blind Forest,,Bouncing Hero,,Pizza Tower,,,,1,,Pig,DUSK,,,,,01/30,Now,,,,,,,,,,,,,,,Nuepiyoo,Hollow Knight,,Action,08/04,Now,,,,,,,,,,,
,,27.0,SakumaDrops,10.0,,,Tier 3,4.0,,,,,,LoyalDeath,Cycle 28,,,,,,2,,emma,Akane,,Fortix,,The Treehouse Man,,High Hell,,Exception,,,,1,,,,,,,,,,,,,,,,,leaf,DROPSHIP,,Typoman,,,,1,,Uribo,Zuma's Revenge,,Ziggurat,,My Friend Pedro,,Shu,,,,1,,,Chebyshevrolet,Super Highball: Pinball Platformer,,,,,03/01,Now,,Kostucha,Eryi's Action,,Hoppup!,,Ori and the Blind Forest: Definitive Edition,,,,1,,Plandiss,Bleed 2,,,,,02/12,Now,,,,,,,,,,,,,,,ZALOLO,Crimzon Clover World EXplosion,,Bullet Hell,08/20,Now,,,,,,,,,,,
,,28.0,LoyalDeath,9.0,,,Tier 4,8.0,,,,,,Zelda,ITTA,,,,,,1,,Nuepiyoo,Savant - Ascent,,Getting Over It with Bennett Foddy,,PuPaiPo Space Deluxe,,Lovely Planet Arcade,,Flem,,,,1,,,,,,,,,,,,,,,,,Pralkarz,An Octonaut Odyssey,,Cyber Hook,,,,1,,Kostucha,Race the Sun,,BIT.TRIP RUNNER,,Aka Manto | 赤マント,,Hell is Other Demons,,,,1,,,shiba,Midnight Fight Express,,,,,03/05,Now,,Legion,PAWARUMI,,Touhou Shinreibyou - Ten Desires.,,DANMAKAI: Red Forbidden Fruit,,,,1,,Eg,Trackmania Valley,,,,,03/01,Now,,,,,,,,,,,,,,,Emma,Katana Zero,,Action,12/02,*,,,,,,,,,,,
,,28.0,Quasar,9.0,,,Tier 5,20.0,,,,,,Folkius,Tightrope Theater,,,,,,1,,cos65535,Mega Serval,,Duke Dashington,,Ellipsis,,Alien Removal Division,,Pain Party,,,,1,,,,,,,,,,,,,,,,,Nuepiyoo,Waveland,,Dig Dog,,,,1,,Cos65535,Circa Infinity,,BIT.TRIP RUNNER,,Just Shapes & Beats,,Hard Reset Extended Edition,,,,1,,,Mini1burger,A Hat in Time,,,,,03/15,Now,,SUM10,BETON BRUTAL,,Primordial Pain,,Shadow Corridor,,,,1,,Gaphodil,Phantom Jump,,,,,03/01,Now,,,,,,,,,,,,,,,Velocity,Chippy,,Bullet Hell,12/02,*,,,,,,,,,,,
,,28.0,Gyavenson,9.0,,,,,,,,,,leaf,Wraithslayer,,,,,,1,,Schmole,Akane,,Peggle Extreme,,#Snake2 DX: Reawakening,,Alien Removal Division,,One Gun Guy,,,,1,,,,,,,,,,,,,,,,,irrealis,Last Command,,Nowhere Patrol,,,,1,,Cirpacha,Nowhere Patrol,,Umbral Omen,,Hack or Die!,,The Textorcist: The Story of Ray Bibbia,,,,1,,,irrealis,Yooka Laylee and the Impossible Lair,,,,,03/18,Now,,,,,,,,,,,,,,,,,,,,,,,,,,,,,,,,,,,mini1burger,Trials Evolution,,Arcade,12/02,*,,,,,,,,,,,
,,28.0,Tired,9.0,,,*Relative losses round to the nearest whole number,,,,,,,Snifidy,Singled Out,,,,,,1,,KingConn,Bananner Nababber,,Arcane Golf,,Godstrike,,Heroine of the Sniper,,Darkour,,,,1,,,,,,,,,,,,,,,,,Uribo,Rayze,,Kero Blaster,,,,1,,,,,,,,,,,,,,,,Velocity,Super High Ball: Pinball Platformer,,,,,03/21,Now,,,,,,,,,,,,,Gooey,Rotund Rebound,,,,,03/01,Now,,,,,,,,,,,,,,,Qrowe,Celeste,,Platformer,12/02,*,,,,,,,,,,,
,,29.0,JayJay,8.0,,,"*A loss is considered either not completing the game on time, losing to the other person or re-rolling the game",,,,,,,thatguy.,Tightrope Theatre,,,,,,1,,thatguy,Akane,,Tetradecagon,,Blazend,,Transpire,,System Purge,,,,1,,,,,,,,,,,,,,,,,Athena,Shu,,Intravenous,,,,1,,,,,,,,,,,,,,,,Plandiss,Skul the Hero Slayer,,,,,03/21,Now,,,,,,,,,,,,,Vantier,Rhythm Journey,,,,,03/01,Now,,Name,Category,Game,,,,,Token Used?,,,Can Re-roll On,,,Plandiss,Crimzon Clover WORLD IGNITION,,Bullet Hell,12/02,*,,,,,,,,,,,
,,29.0,rajanb,8.0,,,*PvP achievements CANNOT be rolled if your CS is below 0 ,,,,,,,KingConn,Heads Run,,,,,,1,,Retsu,Cybarian,,MINICHEF,,#Snake2 DX: Reawakening,,Transpire,,Another Perspective,,,,1,,,,,,,,,,,,,,,,,Schmole,Action Henk,,4X4,,,,1,,,,,,,,,,,,,,,,Rainbow,Maiden and Spell,,,,,03/23,Now,,,,,,,,,,,,,CraziiPanduh,Riptale,,,,,03/02,Now,,Natalie,,,,,,,,,,,,,Gooey,Chippy,,Bullet Hell,12/02,*,,,,,,,,,,,
,,29.0,Bladier,8.0,,,,,,,,,,Schmole,Almost There: The Platformer,,,,,,1,,rajanb,UBERMOSH:OMEGA,,Flipon,,Crucible,,Alien Removal Division,,Pixboy,,,,1,,,,,,,,,,,,,,,,,cos65535,Trace Vector,,Electronic Super Joy,,,,1,,,,,,,,,,,,,,,,Zawy,OlliOlli World,,,,,03/24,Now,,,,,,,,,,,,,idfk again,Super Meat Boy,,,,,03/02,Now,,T1,Arcade,TYPECAST,,,,0.0,No,07/28,08/04,Now,,,,,,,,,,,,,,,,,,,
,,29.0,FluffyFeLuca,8.0,,,,,,,,,,wantarou,Super Chibi Knight,,,,,,1,,Cirpacha,Akane,,Tile Tale,,Crucible,,INDUSTRIA,,Burn It Down,,,,1,,Name,Action,,Strategy,,Bullet Hell,,First-Person,,Platformer,,Rolled on,Can re-roll on,Complete by,,Natalie,Shmups Skill Test,,Within the blade,,,,1,,,,,,,,,,,,,,,,kaley,Peggle Deluxe,,,,,03/29,Now,,,,,,,,,,,,,Reinhardt 6,I wanna be the Cat,,,,,04/10,Now,,T2,,,,,,,,,,,,,Razman,Desktop Dungeons,,Strategy,12/02,*,,,,,,,,,,,
,,29.0,Athena,8.0,,,,,,,,,,Gyavenson,Eat Colors,,,,,,1,,SUM10,DEATHRUN TV,,Evergarden,<- (Strategy),Rheum,,God Damn The Garden,,Darkour,,,,1,,Natalie,,,,,,,,,,,09/26/2023,Now,10/24/2023,,Cirpacha,Quantum Conundrum,,Action Henk,,,,1,,,,,,,,,,,,,,,,Zelda,Skul the Hero Slayer,,,,,04/10,Now,,,,,,,,,,,,,,,,,,,,,,T3,,,,,,,,,,,,,Yesn't,HYPER DEMON,,First Person,12/02,*,,,,,,,,,,,
,,29.0,Kebarvu,8.0,,,Locked Rolls:,,,,,,,emma,Thrill Penguin,,,,,,1,,Tired,Peggle Extreme,<- (Strategy),Sharpshooter Plus,,Prologue for a Vacant Kingdom,,High Hell,,Big FLAPPY Tower VS Tiny Square,,,,1,,Game 1,Wraithslayer,,Tile Tale,,Dark Old Sun,,Aerial Platforms,,Tightrope Theatre,,,,,,Uzzbuzz,Robbie Swifthand and the Orb of Mysteries,,Supercharged Robot VULKAISER,,,,1,,,,,,,,,,,,,,,,Kostucha,Pawarumi,,,,,04/10,Now,,,,,,,,,,,,,,,,,,,,,,T4,,,,,,,,,,,,,Achrotone,Bhop Craze,,First Person,12/02,*,,,,,,,,,,,
,,30.0,Sr. Douglas,6.0,,,A Bastard's Tale,,,,,,,Sp1nz,Duke Dashington,,,,,,1,,AkaraWa,Lost Potato,,Whackerball,,Ellipsis,,Superliminal,,Dino Run DX,,,,1,,Game 2,Cybarian: The Time Travelling Warrior,,XANDO: Xtreme & Over the Top,,VECTORLORD,,Spelldash,,Cloud Escape,,,,,,SUM10,OVERWHELM,,Spitkiss,,,,1,,,,,,,,,,,,,,,,Aergis,Crash Bandicoot 4,,,,,04/10,Now,,,,,,,,,,,,,andy,Gurumin,,,,,04/10,Now,,,,,,,,,,,,,,,Reinhardt,Devil Daggers,,First Person,12/02,*,,,,,,,,,,,
,,31.0,Actor-river,5.0,,,A Most Extraordinary Gnome,,,,,,,calypso,Head's Run,,,,,,1,,,,,,,,,,,,,,,,,Game 3,Dizzy Rogues,,Pushcat,,LinearShooter Remixed,,God Damn The Garden,,Donut Dodo,,,,,,Jonus,Alwa's Awakening,,Atomik: RunGunJumpGun,,,,1,,,,,,,,,,,,,,,,Bladier,Cursed Castilla,,,,,04/10,Now,,,,,,,,,,,,,Nashix,I wanna be The Cat,,,,,04/10,Now,,,,,,,,,,,,,,,NiceStickman,Devil Daggers,,First Person,12/02,*,,,,,,,,,,,
,,31.0,kaley,5.0,,,Bot Vice,,,,,,,NEX,Savant - Ascent,,,,,,1,,,,,,,,,,,,,,,,,Game 4,Bananner Nababber,,Fingered,,The Treehouse Man,,Heroine of the Sniper,,Element4l,,,,,,MrCooper,Devil Spire,,Innoquous 5,,,,1,,,,,,,,,,,,,,,,CraziiPanduh,Skybolt Zack,,,,,04/13,Now,,,,,,,,,,,,,FlashStep,Odium to the Core,,,,,04/10,Now,,,,,,,,,,,,,,,Flop,Spelunky 2,,Arcade,12/02,*,,,,,,,,,,,
,,31.0,Vnednek,5.0,,,Curvatron,,,,,,,andy,GoNNER,,,,,,1,,,,,,,,,,,,,,,,,Game 5,Dispersio 2,,Evergarden,,Marimoth,,Well...,,Kill the Plumber,,,,,,,,,,,,,,,,,,,,,,,,,,,,,,,,,,,,,,,,,,,,,,,,,Bladier,VVVVVV,,,,,04/10,Now,,,,,,,,,,,,,,,Pralkarz,NOISZ,,Bullet Hell,12/02,*,,,,,,,,,,,
,,32.0,irrealis,4.0,,,Dark Souls III,,,,,,,Vnednek,SPROUT,,,,,,1,,,,,,,,,,,,,,,,,,,,,,,,,,,,,,,,,,,,,,,,,,,,,,,,,,,,,,,idfk again,Hopiko,,,,,05/02,Now,,,,,,,,,,,,,Qrowe,Trackmania Stadium,,,,,04/15,Now,,,,,,,,,,,,,,,FlashStep,N++,,Platformer,12/02,*,,,,,,,,,,,
,,32.0,8Nirp,4.0,,,Destructivator 2,,,,,,,CraziiPanduh,Pirate Pop Plus,,,,,,1,,,,,,,,,,,,,,,,,,,,,,,,,,,,,,,,,,,,,,,,,,,,,,,,,,,,,,,Flop,Furi,,,,,05/10,Now,,,,,,,,,,,,,Retsu,Fantastic Danmaku Festival Part II,,,,,04/17,Now,,,,,,,,,,,,,,,Desert Stream,Crimzon Clover WORLD EXPLOSION,,Bullet Hell,12/02,*,,,,,,,,,,,
,,32.0,Blizzy,4.0,,,DSY,,,,,,,1Kick234,Super Dream Dasher,,,,,,1,,,,,,,,,,,,,,,,,,,,,,,,,,,,,,,,,,,,,,,,,,,,,,,,,,,,,,,actor-river,Skul: The Hero Slayer,,,,,05/21,Now,,,,,,,,,,,,,Aergis,DUSK,,,,,04/17,Now,,,,,,,,,,,,,,,てんのみかさ,Devil Daggers,,First Person,12/02,*,,,,,,,,,,,
,,32.0,Shiny,4.0,,,Geballer,,,,,,,FluffyFeLuca,C-4,,,,,,1,,,,,,,,,,,,,,,,,Name,Action,,Arcade,,Bullet Hell,,First-Person,,Platformer,,Rolled on,Can re-roll on,Complete by,,,,,,,,,,,,,,,,,,,,,,,,,Pralkarz,OlliOlli World,,,,,06/12,Now,,,,,,,,,,,,,Shiny,Ys Origin,,,,,04/18,Now,,,,,,,,,,,,,,,SUM10,HYPER DEMON,,First Person,12/02,Now,,,,,,,,,,,
,,32.0,Snifidy,4.0,,,Gravity Den,,,,,,,UzzBuzz,Super Hamster Ball,,,,,,1,,,,,,,,,,,,,,,,,Thatguy,,,,,,,,,,,06/30/2023,Now,07/28/2023,,,,,,,,,,,,,,,,,,,,,,,,,Retsu,Super Robot Jump Jump,,,,,6/27,Now,,,,,,,,,,,,,Snifidy,∀kashicverse -Malicious Wake-,,,,,04/21,Now,,,,,,,,,,,,,,,spinz,Bunny Hop: Eggstreme,,First Person,12/02,*,,,,,,,,,,,
,,32.0,Gaphodil,4.0,,,Gridform,,,,,,,cos65535,Eat Colors,,,,,,1,,,,,,,,,,,,,,,,,Game 1,METAL SLUG X,,Eggy,,#Snake2 DX: Reawakening,,High Hell,,Spectraball,,,,,,,,,,,,,,,,,,,,,,,,,,,,,Crappy,Scourgebringer,,,,,07/14,Now,,,,,,,,,,,,,Velocity,Trackmania United Forever,,,,,06/01,Now,,,,,,,,,,,,,,,SakumaDrops,Celeste,,Platformer,12/02,*,,,,,,,,,,,
,,32.0,Jonus,4.0,,,Heck Deck,,,,,,,SomeMugger,Pixboy,,,,,,1,,,,,,,,,,,,,,,,,Game 2,Driven Out,,Flywrench,,PuPaiPo Space Deluxe,,Neon Boost,,Salmon Ninja,,,,,,,,,,,,,,,,,,,,,,,,,,,,,Cirpacha,Hopiko,,,,,07/18,Now,,,,,,,,,,,,,SakumaDrops,Bullet Hell Monday,,,,,06/18,Now,,,,,,,,,,,,,,,Kyara,Devil Daggers,,First Person,12/02,*,,,,,,,,,,,
,,32.0,Rynoop,4.0,,,ITTA,,,,,,,Mini1burger,Find You,,,,,,1,,,,,,,,,,,,,,,,,Game 3,Cyjin: The Cyborg Ninja,,The Next Penelope,,Blast Rush Classic,,Spelldash,,Demon Go!,,,,,,,,,,,,,,,,,,,,,,,,,,,,,Desert Stream (DesertCH),Space Invaders Extreme,,,,,07/18,Now,,,,,,,,,,,,,Desert Stream (DesertCH),Rhythm Journey,,,,,07/10,Now,,,,,,,,,,,,,,,RanDoom,Hollow Knight,,Action,12/02,*,,,,,,,,,,,
,,33.0,Joker,3.0,,,Just Arms,,,,,,,Natalie,Mega Serval,,,,,,7,,,,,,,,,,,,,,,,,Game 4,Gunborg: Dark Matters,,Crazy Taxi,,Jet Buster,,Heroine of the Sniper,,LOVE,,,,,,,,,,,,,,,,,,,,,,,,,,,,,Renda,Pawnbarian,,,,,08/28,Now,,,,,,,,,,,,,Flop,Spin Rhythm XD,,,,,07/11,Now,,,,,,,,,,,,,,,Cheby,HyperRogue,,Strategy,12/02,*,,,,,,,,,,,
,,33.0,Jarvis,3.0,,,LaserBoy,,,,,,,nemesis,Savant - Ascent,,,,,,1,,,,,,,,,,,,,,,,,Game 5,Wraithslayer,,Vectronom,,VECTORLORD,,Well...,,Ascent,,,,,,,,,,,,,,,,,,,,,,,,,,,,,SakumaDrops,Nuclear Throne,,,,,08/28,Now,,,,,,,,,,,,,MrCooper,Crashlands,,,,,07/11,Now,,,,,,,,,,,,,,,Newfi Cheese,Tanuki Justice,,Action,12/02,*,,,,,,,,,,,
,,34.0,Owl,2.0,,,Little Nightmares,,,,,,,Uribo,Prompt,,,,,,1,,,,,,,,,,,,,,,,,,,,,,,,,,,,,,,,,,,,,,,,,,,,,,,,,,,,,,,Folkius,Hoppup!,,,,,08/28,Now,,,,,,,,,,,,,Nihen,Rage in Peace,,,,,07/12,Now,,Name,Category,Game,,,,,,,,Completions,,,nemesis2119 (yollchangkawaii),Bunny Hop: Eggstreme,,First Person,12/02,*,,,,,,,,,,,
,,34.0,Snifidy,2.0,,,MO:Astray,,,,,,,rajanb,Heroine of the Sniper,,,,,,1,,,,,,,,,,,,,,,,,,,,,,,,,,,,,,,,,,,,,,,,,,,,,,,,,,,,,,,Jonus,Jigoku Kisetsukan: Sense of the Seasons,,,,,09/10,Now,,,,,,,,,,,,,Loyaldeath,XCOM 2,,,,,07/14,Now,,Wantarou,,,,,,,,,,1,,,Blizzy,Chippy,,Bullet Hell,12/02,*,,,,,,,,,,,
,,34.0,Feuzaed,2.0,,,MOONPONG,,,,,,,Joker,Cosmophony,,,,,,1,,,,,,,,,,,,,,,,,,,,,,,,,,,,,,,,,,,,,,,,,,,,,,,,,,,,,,,NiceStickman,Touhou Shinreibyou: Ten Desires,,,,,09/12,Now,,,,,,,,,,,,,Leaf,SCP: Containment Breach Multiplayer,,,,,07/14,Now,,T1,Bullet Hell,Iwate Mountain Dance,,,,,,,,,,,Tater,Shiren the Wanderer,,Strategy,12/02,*,,,,,,,,,,,
,,34.0,Lake,2.0,,,Mortal Shell,,,,,,,shiba,Spingun,,,,,,1,,,,,,,,,,,,,,,,,Name,Action,,Strategy,,Bullet Hell,,First-Person,,Platformer,,Rolled on,Can re-roll on,Complete by,,,,,,,,,,,,,,,,,,,,,,,,,Nimportnawak,Eggcelerate! to the North Pole,,,,,09/12,Now,,,,,,,,,,,,,Crappy,Splasher,,,,,07/14,Now,,T2,Arcade,Astrodogs,,,,,,,,,,,Desticler,Desktop Dungeons,,Strategy,12/02,*,,,,,,,,,,,
,,34.0,NiceStickman,2.0,,,Overture,,,,,,,Nuepiyoo,Neon Boost,,,,,,1,,,,,,,,,,,,,,,,,Rajanb,,,,,,,,,,,06/30/2023,Now,07/28/2023,,,,,,,,,,,,,,,,,,,,,,,,,Nihen,Maiden and Spell,,,,,09/22,Now,,,,,,,,,,,,,,,,,,,,,,T3,Action,Bleed,,,,,,,,,,,Joker,Tanuki Justice,,Action,12/02,*,,,,,,,,,,,
,,34.0,MrCooper,2.0,,,Project Rhombus,,,,,,,Jarvis,Burn It Down,RITE,,,,,2,,,,,,,,,,,,,,,,,Game 1,Cyjin: The Cyborg Ninja,,Pushcat,,Ellipsis,,High Hell,,Spectraball,,,,,,,,,,,,,,,,,,,,,,,,,,,,,Natalie,HoPiKo,,,,,09/25,Now,,,,,,,,,,,,,Folkius,Raiden IV: Overkill,,,,,07/24,Now,,T4,Platformer,Angry Video Game Nerd Adventures,,,,,,,,,,,Nikocha,Celeste,,Platformer,12/02,*,,,,,,,,,,,
,,34.0,Ben,2.0,,,Satryn Deluxe,,,,,,,Breed,Pivvot,,,,,,1,,,,,,,,,,,,,,,,,Game 2,Void Prison,,A healer only heals twice,,ITTA,,Aerial Platforms,,Crumble,,,,,,,,,,,,,,,,,,,,,,,,,,,,,Razman,Ys: The Oath in Felghana,,,,,10/06,Now,,,,,,,,,,,,,Jonus,Vault of the Void,,,,,08/10,Now,,,,,,,,,,,,,,,karaage,APE OUT,,Action,12/02,*,,,,,,,,,,,
,,34.0,Samiversal,2.0,,,SEUM,,,,,,,Zalolo,Heads Run,,,,,,1,,,,,,,,,,,,,,,,,Game 3,Dizzy Rogues,,Evergarden,,Marimoth,,Spelldash,,Charge Kid,,,,,,,,,,,,,,,,,,,,,,,,,,,,,Apollo.,Devil May Cry 5,,,,,11/09,Now,,,,,,,,,,,,,rajanb,Peggle Nights,,,,,08/10,Now,,,,,,,,,,,,,,,Ellie (silverstrawb),Spelunky 2,,Arcade,12/02,*,,,,,,,,,,,
,,35.0,Gyavenson,1.0,,,Squidlit,,,,,,,Retsu,Charge Kid,,,,,,1,,,,,,,,,,,,,,,,,Game 4,Driven Out,,XANDO: Xtreme & Over the Top,,RAIN Project,,INDUSTRIA,,Burn It Down,,,,,,,,,,,,,,,,,,,,,,,,,,,,,Jarvis,BETON BRUTAL,,,,,11/11,Now,,,,,,,,,,,,,Ramia,Bullet Hell Monday,,,,,08/28,Now,,,,,,,,,,,,,,,Kanra,Chippy,,Bullet Hell,12/02,Now,,,,,,,,,,,
,,35.0,Sp1nz,1.0,,,Super Cable Boy,,,,,,,kaley,Neon Boost,,,,,,1,,,,,,,,,,,,,,,,,Game 5,METAL SLUG X,,Peggle Extreme,,Rheum,,Transpire,,LOVE,,,,,,,,,,,,,,,,,,,,,,,,,,,,,emma,Touhou Chireiden - Subterranean Animism,,,,,11/16,Now,,,,,,,,,,,,,SU56,Nosferatu Lilinor,,,,,08/28,Now,,Name,Category,Game,,,,,,,,Completions,,,Snifidy,Gundemonium Recollection,,Bullet Hell,12/02,*,,,,,,,,,,,
,,35.0,NEX,1.0,,,The King's Bird,,,,,,,JayJay,The Treehouse Man,,,,,,1,,,,,,,,,,,,,,,,,,,,,,,,,,,,,,,,,,,,,,,,,,,,,,,,,,,,,,,Achrotone,Yamafuda! 2nd Station,,,,,11/22,Now,,,,,,,,,,,,,shiba,Rabi-Ribi,,,,,08/28,Now,,Legion,,,,,,,,,,1,,,Shiny,HYPER DEMON,,First Person,12/02,*,,,,,,,,,,,
,,35.0,Vnednek,1.0,,,you have to win the game,,,,,,,8Nirp,Pixboy,,,,,,1,,,,,,,,,,,,,,,,,,,,,,,,,,,,,,,,,,,,,,,,,,,,,,,,,,,,,,,Gelium,BETON BRUTAL,,,,,01/06,Now,,,,,,,,,,,,,NiceStickman,Wings of Vi,,,,,09/12,Now,,T1,Arcade,Russian Subway Dogs,,,,,,,,,,,Dart Monkey (juice),Celeste,,Platformer,12/02,*,,,,,,,,,,,
,,35.0,JayJay,1.0,,,Heavy Bullets,,,,,,,Athena,Void Prison,,,,,,1,,,,,,,,,,,,,,,,,,,,,,,,,,,,,,,,,,,,,,,,,,,,,,,,,,,,,,,AkaraWa,Reverse X Reverse,,,,,02/01,Now,,,,,,,,,,,,,8Nirp,Stickit,,,,,09/12,Now,,T2,Platformer,Cloak and Dasher,,,,,,,,,,,Apollo,Desktop Dungeons,,Strategy,12/02,*,,,,,,,,,,,
,,35.0,Vantier,1.0,,,Barrier X,,,,,,,Cirpacha,Bananner Nababber,,,,,,1,,,,,,,,,,,,,,,,,Name,Action,,Arcade,,Bullet Hell,,First-Person,,Platformer,,Rolled on,Can re-roll on,Complete by,,,,,,,,,,,,,,,,,,,,,,,,,Koolboom,Kick Bastards,,,,,02/05,Now,,,,,,,,,,,,,てんのみかさ,One Finger Death Punch,,,,,09/15,Now,,T3,Bullet Hell,ALLTYNEX Second,,,,,,,,,,,Jonus,Hollow Knight,,Action,12/02,*,,,,,,,,,,,
,,35.0,Crappy,1.0,,,,,,,,,,Koolboom,Milli & Greg,,,,,,1,,,,,,,,,,,,,,,,,LoyalDeath,,,,,,,,,,,02/06/2023,Now,03/06/2023,,,,,,,,,,,,,,,,,,,,,,,,,ぎょーざ,Hellsinker.,,,,,02/25,Now,,,,,,,,,,,,,Pralkarz,Strikers 1945,,,,,10/08,Now,,T4,Action,Gurumin: A Monstrous Adventure,,,,,,,,,,,Rajanb,Celeste,,Platformer,12/02,*,,,,,,,,,,,
,,35.0,Rainbow,1.0,,,,,,,,,,Pralkarz,SPINGUN,,,,,,1,,,,,,,,,,,,,,,,,Game 1,Mega Serval,,Aliens Go Home Run,,Jet Buster,,Heroine of the Sniper,,Braid,,,,,,,,,,,,,,,,,,,,,,,,,,,,,Kanra,Wrack,,,,,03/05,Now,,,,,,,,,,,,,Jarvis,Giana Sisters: Twisted Dreams,,,,,11/11,Now,,,,,,,,,,,,,,,Renda,NOISZ,,Bullet Hell,12/02,*,,,,,,,,,,,
,,35.0,Pig,1.0,,,,,,,,,,Crappy,Aliens Go Home Run,,,,,,1,,,,,,,,,,,,,,,,,Game 2,Cyjin: The Cyborg Ninja,,BARRIER X,,Rheum,,Neon Boost,,panGEMic,,,,,,,,,,,,,,,,,,,,,,,,,,,,,Leaf,Little Noah: Scion of Paradise,,,,,03/06,Now,,,,,,,,,,,,,nemesis,Vault of the Void,,,,,11/23,Now,,,,,,,,,,,,,,,Jarvis,Hollow Knight,,Action,12/02,Now,,,,,,,,,,,
,,35.0,mbed,1.0,,,,,,,,,,Rainbow,Transpire,,,,,,1,,,,,,,,,,,,,,,,,Game 3,Gunborg: Dark Matters,,Safety First,,RefleX,,Lovely Planet Arcade,,Panic Porcupine,,,,,,,,,,,,,,,,,,,,,,,,,,,,,Fireball,Touhou Kouryudou - Unconnected Marketeers,,,,,12/22,Now,,,,,,,,,,,,,karaage,Super Meat Boy Forever,,,,,11/23,Now,,,,,,,,,,,,,,,Gelium,Kreedz Climbing,,First Person,12/02,*,,,,,,,,,,,
,,35.0,RanDoom,1.0,,,,,,,,,,Pig,VECTORLORD,,,,,,1,,,,,,,,,,,,,,,,,Game 4,Mini Ghost,,Tetradecagon,,PuPaiPo Space Deluxe,,Lovely Planet,,"Quickly, Quackley",,,,,,,,,,,,,,,,,,,,,,,,,,,,,,,,,,,,,,,,,,,,,,,,,MrCooper,Super House of Dead Ninjas,,,,,11/26,Now,,Name,Category,Game,,,,,,,,Completions,,,CraziiPanduh,Gundemonium Recollection,,Bullet Hell,12/02,*,,,,,,,,,,,
,,35.0,The Russian Tanker,1.0,,,,,,,,,,SUM10,Heads Run,,,,,,1,,,,,,,,,,,,,,,,,Game 5,Cybarian,,Fortix,,ASTRONAUTILUS,,Slender: The Arrival,,Get-A-Grip Chip,,,,,,,,,,,,,,,,,,,,,,,,,,,,,Sartoonel,XCOM 2,,,,,06/18,Now,,,,,,,,,,,,,Razman,KILLRUN,,,,,12/05,Now,,Leaf,,,,,,,,,,1,,,tired,Bunny Hop: Eggstreme,,First Person,12/02,*,,,,,,,,,,,
,,35.0,water,1.0,,,,,,,,,,Jonus,Burn It Down,,,,,,1,,,,,,,,,,,,,,,,,,,,,,,,,,,,,,,,,,,,,,,,,,,,,,,,,,,,,,,Legion,Tobari and the Night of the Curious Moon,,,,,06/19,Now,,,,,,,,,,,,,Owl,Bunny Hop League,,,,,12/05,Now,,T1,Bullet Hell,#Snake2 DX: Reawakening,,,,,,,,,,,Scarlet,Cloudberry Kingdom,,Platformer,12/02,*,,,,,,,,,,,
,,35.0,Brendan,1.0,,,,,,,,,,RanDoom,Tick Tack Puppet,,,,,,1,,,,,,,,,,,,,,,,,,,,,,,,,,,,,,,,,,,,,,,,,,,,,,,,,,,,,,,てんのみかさ,Mute Crimson+,,,,,06/23,Now,,,,,,,,,,,,,Renda,TAGLINE,,,,,12/05,Now,,T2,Platformer,Alwa's Awakening,,,,,,,,,,,,,,,,,,,,,,,,,,,
,,35.0,Desert Stream (DesertCH),1.0,,,,,,,,,,NiceStickman,Lorera,,,,,,1,,,,,,,,,,,,,,,,,,,,,,,,,,,,,,,,,,,,,,,,,,,,,,,,,,,,,,,Owl,Mute Crimson+,,,,,06/29,Now,,,,,,,,,,,,,ZALOLO,Monster Train,,,,,12/21,Now,,T3,Arcade,One Step From Eden,,,,,,,,,,,MEGA,Bob Was Hungry,,Platformer,12/02,*,,,,,,,,,,,
,,35.0,Fireball,1.0,,,,,,,,,,tired,Ducks Can Drive,,,,,,1,,,,,,,,,,,,,,,,,Name,Action,,Arcade,,Bullet Hell,,First-Person,,Platformer,,Rolled on,Can re-roll on,Complete by,,,,,,,,,,,,,,,,,,,,,,,,,MrCooper,Ori and the Will of the Wisps,,,,,07/05,Now,,,,,,,,,,,,,Koolboom,Necrosphere,,,,,12/21,Now,,T4,Action,Riptale,,,,,,,,,,,Kingconn,NOISZ,,Bullet Hell,2/29,Now,,,,,,,,,,,
,,36.0,karaage,0.0,,,,,,,,,,Ramia,Heroine of the Sniper,,,,,,1,,,,,,,,,,,,,,,,,Emma,,,,,,,,,,,03/19/2023,Now,04/19/2023,,,,,,,,,,,,,,,,,,,,,,,,,Kyara,Witcheye,,,,,07/13,Now,,,,,,,,,,,,,emma,Sunblaze,,,,,12/21,Now,,,,,,,,,,,,,,,Wantarou,Chippy,,Bullet Hell,04/09,Now,,,,,,,,,,,
,,36.0,idfk again,0.0,,,,,,,,,,kiehi,Gunborg: Dark Matters,,,,,,1,,,,,,,,,,,,,,,,,Game 1,Bananner Nababber,,oO,,Ellipsis,,Alien Removal Division,,Find You,,,,,,,,,,,,,,,,,,,,,,,,,,,,,Tettrum,Trackmania² Lagoon,,,,,07/20,Now,,,,,,,,,,,,,Fireball,One Finger Death Punch,,,,,12/22,Now,,,,,,,,,,,,,,,,,,,,,,,,,,,,,,,
,,36.0,Alan Quake,0.0,,,,,,,,,,AkaraWA,Ducks Can Drive,,,,,,1,,,,,,,,,,,,,,,,,Game 2,Destructivator 2,,Deneb,,RefleX,,Neon Boost,,Fork Parker's Holiday Profit Hike,,,,,,,,,,,,,,,,,,,,,,,,,,,,,Sanctuspaladin,Trackmania Nations Forever,,,,,07/30,Now,,,,,,,,,,,,,Schmole,Stickit,,,,,12/22,Now,,,,,,,,,,,,,,,JayJay,Dustforce DX,,Platformer,06/05,Now,,,,,,,,,,,
,,36.0,Gloom,0.0,,,,,,,,,,Owl,Shipped,Heads Run,,,,,2,,,,,,,,,,,,,,,,,Game 3,Savant Ascent,,Singled Out,,Blazend,,Lovely Planet,,One Gun Guy,,,,,,,,,,,,,,,,,,,,,,,,,,,,,Not2Dey,Reverse X Reverse,,,,,08/01,Now,,,,,,,,,,,,,Gelium,Trackmania United Forever,,,,,01/06,Now,,Name,Category,Game,,,,,,,,Completions ,,,Tettrum,Katana ZERO,,Action,06/16,Now,,,,,,,,,,,
,,36.0,Electrolyte99,0.0,,,,,,,,,,The Russian Tanker,Bananner Nababber,,,,,,1,,,,,,,,,,,,,,,,,Game 4,Cyjin: the Cyborg Ninja,,BARRIER X,,Jet Buster,,Transpire,,Eraser,,,,,,,,,,,,,,,,,,,,,,,,,,,,,Nund,Maiden and Spell,,,,,08/01,Now,,,,,,,,,,,,,nuepiyoo,DOOM Eternal,,,,,01/17,Now,,Nuepiyoo,,,,,,,,,,1,,,actor-river,Crimzon Clover WORLD EXPLOSION,,Bullet Hell,07/03,Now,,,,,,,,,,,
,,36.0,Sniba,0.0,,,,,,,,,,MrCooper,Save the Reactor,,,,,,1,,,,,,,,,,,,,,,,,Game 5,UBERMOSH: OMEGA,,sunny-place,,Prologue for a Vacant Kingdom,,Lovely Planet Arcade,,Super Hamster Ball,,,,,,,,,,,,,,,,,,,,,,,,,,,,,Brendan,Hextech Mayhem,,,,,08/03,Now,,,,,,,,,,,,,Zawy,Sunblaze,,,,,01/29,Now,,T1,Bullet Hell,The Treehouse Man,,,,,,,,,,,Kebarvu,Chippy,,Bullet Hell,07/03,Now,,,,,,,,,,,
,,36.0,Apollo.,0.0,,,,,,,,,,actor-river,Savant - Ascent,,,,,,1,,,,,,,,,,,,,,,,,,,,,,,,,,,,,,,,,,,,,,,,,,,,,,,,,,,,,,,,,,,,,,,,,,,,,,,,,,,Kyara,JMPR,,,,,02/02,Now,,T2,Arcade,Super Multitasking,,,,,,,,,,,,,,,,,,,,,,,,,,,
,,36.0,oatmeal,0.0,,,,,,,,,,Ben,Donut Dodo,,,,,,1,,,,,,,,,,,,,,,,,,,,,,,,,,,,,,,,,,,,,,,,,,,,,,,,,,,,,,,,,,,,,,,,,,,,,,,,,,,Nimportnawak,ys Origin,,,,,02/03,Now,,T3,Action,Colt Canyon,,,,,,,,,,,Owl,KATANA ZERO,,Action,11/09,Now,,,,,,,,,,,
,,37.0,emma,-1.0,,,,,,,,,,,,,,,,,,,,,,,,,,,,,,,,,,,,,,,,,,,,,,,,,,,,,,,,,,,,,,,,,,,,,,,,Name,Game,,,,,,Completions,,,,,,,,,,,,,Joker,SCP: Containment Breach Multiplayer,,,,,02/05,Now,,T4,Platformer,Splasher,,,,,,,,,,,MrCooper,Trials Evolution,,Arcade,11/22,Now,,,,,,,,,,,
,,37.0,Mini1burger,-1.0,,,,,,,,,,,,,,,,,,,,,,,,,,,,,,,,,,,,,,,,,,,,,,,,,,,,,,,,,,,,,,,,,,,,,,,,Kostucha,Will You Snail,,,,,,1,,,,,,,,,,,,,,,,,,,,,,,,,,,,,,,,,,,JayJay,Shiren the Wanderer,,Strategy,1/11,Now,,,,,,,,,,,
,,37.0,nemesis,-1.0,,,,,,,,,,,,,,,,,,,,,,,,,,,,,,,,,,,,,,,,,,,,,,,,,,,,,,,,,,,,,,,,,,,,,,,,Folkius,Neon White,,,,,,1,,,,,,,,,,,,,Nund,Ys Origin,,,,,06/05,Now,,,,,,,,,,,,,,,uzzbuzz,Shiren the Wanderer,,Strategy,06/09,Now,,,,,,,,,,,
,,37.0,River2763,-1.0,,,,,,,,,,,,,,,,,,,,,,,,,,,,,,,,,,,,,,,,,,,,,,,,,,,,,,,,,,,,,,,,,,,,,,,,JayJay,Murasaki,,,,,,1,,,,,,,,,,,,,Kazimierz,Raiden IV x MIKADO REMIX,,,,,06/19,Now,,,,,,,,,,,,,,,Cirpacha,The End is Nigh,,Platformer,08/02,Now,,,,,,,,,,,
,,37.0,8Nirp,-1.0,,,,,,,,,,,,,,,,,,,,,,,,,,,,,,,,,,,,,,,,,,,,,,,,,,,,,,,,,,,,,,,,,,,,,,,,Legion,Steamworld Heist,,,,,,1,,,,,,,,,,,,,JayJay,BLUE REVOLVER,,,,,06/27,Now,,Name,Category,Game,,,,,,,,Completions ,,,Zelda,Celeste,,Platformer,08/02,Now,,,,,,,,,,,
,,37.0,shiba,-1.0,,,,,,,,,,,,,,,,,,,,,,,,,,,,,,,,,,,,,,,,,,,,,,,,,,,,,,,,,,,,,,,,,,,,,,,,Natalie,Ori and the Blind Forest,,,,,,1,,,,,,,,,,,,,Oatmeal,Super Meat Boy Forever,,,,,07/13,Now,,cos65535,,,,,,,,,,1,,,Ramia,Desktop Dungeons,,Strategy,08/03,Now,,,,,,,,,,,
,,37.0,andy,-1.0,,,,,,,,,,,,,,,,,,,,,,,,,,,,,,,,,,,,,,,,,,,,,,,,,,,,,,,,,,,,,,,,,,,,,,,,1Kick234,Equaline,,,,,,1,,,,,,,,,,,,,Natalie,Giana Sisters: Twisted Dreams,,,,,07/19,Now,,T1,Arcade,Deneb,,,,,,,,,,,Legion,Dustforce DX,,Platformer,10/1,Now,,,,,,,,,,,
,,37.0,Chebyshevrolet,-1.0,,,,,,,,,,,,,,,,,,,,,,,,,,,,,,,,,,,,,,,,,,,,,,,,,,,,,,,,,,,,,,,,,,,,,,,,Leaf,Wrack,,,,,,1,,,,,,,,,,,,,Newfi Cheese,VVVVVV,,,,,07/20,Now,,T2,First Person,Lovely Planet 2,,,,,,,,,,,Natalie,Run: the world in-between,,Platformer,10/01,Now,,,,,,,,,,,
,,37.0,Achrotone,-1.0,,,,,,,,,,,,,,,,,,,,,,,,,,,,,,,,,,,,,,,,,,,,,,,,,,,,,,,,,,,,,,,,,,,,,,,,wantarou,Starstruck: Prologue,,,,,,1,,,,,,,,,,,,,Mini1burger,BETON BRUTAL,,,,,08/03,Now,,T3,Platformer,Bouncing Hero,,,,,,,,,,,Russian Tanker,DOOM ETERNAL,,First-Person,10/12,Now,,,,,,,,,,,
,,37.0,Yesn't,-1.0,,,,,,,,,,,,,,,,,,,,,,,,,,,,,,,,,,Name,Action,,Arcade,,Bullet Hell,,First-Person,,Platformer,,,,Completions,,,,,,,,,,,,,,,,,,,,,,,,,ZALOLO,Plug me,,,,,,1,,,,,,,,,,,,,Brendan,I Am Fish,,,,,08/06,Now,,T4,Action,Crashlands,,,,,,,,,,,Schmole,PogoChamp,,Platformer,11/11,Now,,,,,,,,,,,
,,38.0,Pralkarz,-2.0,,,,,,,,,,,,,,,,,,,,,,,,,,,,,,,,,,Wantarou,,,,,,,,,,,,,1,,,,,,,,,,,,,,,,,,,,,,,,,8Nirp,LOST EGG 2: Be Together,,,,,,1,,,,,,,,,,,,,Legion,Fantastic Danmaku Festival Part II,,,,,09/04,Now,,,,,,,,,,,,,,,Kiehi,Tanuki Justice,,,12/7/2025,6/7,,,,,,,,,,,
,,38.0,SU56,-2.0,,,,,,,,,,,,,,,,,,,,,,,,,,,,,,,,,,Game 1,Cyjin,,Drive!Drive!Drive!,,LinearShooter,,Alien Removal Division,,Flem,,,,,,,,,,,,,,,,,,,,,,,,,,,,,thatguy.,Furi,,,,,,1,,,,,,,,,,,,,Nund,Tormentor❌Punisher,,,,,09/10,Now,,,,,,,,,,,,,,,,,,,,,,,,,,,,,,,
,,38.0,Nimportnawak,-2.0,,,,,,,,,,,,,,,,,,,,,,,,,,,,,,,,,,Game 2,Mini Ghost,,sunny-place,,Prologue for a Vacant Kingdom,,God Damn the Garden,,Kill the Plumber,,,,,,,,,,,,,,,,,,,,,,,,,,,,,Uribo,All Day Dying,,,,,,1,,,,,,,,,,,,,Not2Dey,Like Dreamer,,,,,09/10,Now,,,,,,,,,,,,,,,,,,,,,,,,,,,,,,,
,,38.0,Kazimierz,-2.0,,,,,,,,,,,,,,,,,,,,,,,,,,,,,,,,,,Game 3,Dispersio 2,,Save the Reactor,,Marimoth,,Transpire,,PanGEMic,,,,,,,,,,,,,,,,,,,,,,,,,,,,,Schmole,Boomerang X,Overpass,,,,,2,,,,,,,,,,,,,zuza,SCP - Containment Breach,,,,,04/27,07/27,,Name,Category,Game,,,,,,,,Completions,,,,,,,,,,,,,,,,,,,
,,39.0,Desticler,-3.0,,,,,,,,,,,,,,,,,,,,,,,,,,,,,,,,,,Game 4,Gunborg,,Golfing Over It,,Jet Buster,,Slender: The Arrival,,Burn it Down,,,,,,,,,,,,,,,,,,,,,,,,,,,,,Breed,Furi,,,,,,1,,,,,,,,,,,,,DavidWasHere,DOOM: The Dark Ages,,,,,05/02,08/02,,Kostucha,,,,,,,,,,1,,,,,,,,,,,,,,,,,,,
,,39.0,Nund,-3.0,,,,,,,,,,,,,,,,,,,,,,,,,,,,,,,,,,Game 5,Akane,,Safety First!,,Ellipsis,,Heroine of the Sniper,,Big Neon Tower vs. Tiny Square,,,,,,,,,,,,,,,,,,,,,,,,,,,,,emma,Duck Game,,,,,,1,,,,,,,,,,,,,bobthezealot,FTL: Faster than Light,,,,,05/02,08/02,,T1,First Person,Lovely Planet Arcade,,,,,,,,,,,Name,Game,,,,Completions ,,,,,,,,,,,
,,39.0,Koolboom,-3.0,,,,,,,,,,,,,,,,,,,,,,,,,,,,,,,,,,,,,,,,,,,,,,,,,,,,,,,,,,,,,,,,,,,,,,,,Blizzy,Steamworld Heist,,,,,,1,,,,,,,,,,,,,,,,,,,,,,T2,Arcade,Tricky Towers,,,,,,,,,,,ZALOLO,HyperRogue,,,,1,,,,,,,,,,,
,,39.0,Sartoonel,-3.0,,,,,,,,,,,,,,,,,,,,,,,,,,,,,,,,,,,,,,,,,,,,,,,,,,,,,,,,,,,,,,,,,,,,,,,,Shiny,Cursed Castilla ,,,,,,1,,,,,,,,,,,,,,,,,,,,,,T3,Action,They Bleed Pixels,,,,,,,,,,,cos65535,Petal Crash,Shiren the Wanderer,,,2,,,,,,,,,,,
,,39.0,Renda,-3.0,,,,,,,,,,,,,,,,,,,,,,,,,,,,,,,,,,,,,,,,,,,,,,,,,,,,,,,,,,,,,,,,,,,,,,,,Zelda,One Step From Eden,,,,,,1,,,,,,,,,,,,,,,,,,,,,,T4,Platformer,Scoot Kaboom and the Tomb of Doom,,,,,,,,,,,Kingconn,Trials Fusion,,,,1,,,,,,,,,,,
,,39.0,Flop,-3.0,,,,,,,,,,,,,,,,,,,,,,,,,,,,,,,,,,Name,Action,,Arcade,,Bullet Hell,,First-Person,,Platformer,,,,Completions,,,,,,,,,,,,,,,,,,,,,,,,,Snifidy,RIVE,,,,,,1,,,,,,,,,,,,,Name,Game,,,,,,Completions,,,,,,,,,,,,,,,Ramia,Spelunky 2,Jump King,Stilt Fella,,3,,,,,,,,,,,
,,40.0,Newfi Cheese,-4.0,,,,,,,,,,,,,,,,,,,,,,,,,,,,,,,,,,Uribo,,,,,,,,,,,,,1,,,,,,,,,,,,,,,,,,,,,,,,,Gaphodil,"Cook, Serve, Delicious 2",,,,,,1,,,,,,,,,,,,,Kaley,Bunny Hop League,,,,,,1,,Name,Category,Game,,,,,Token Used?,,,Completions,,,Zelda,Trials Evolution,,,,1,,,,,,,,,,,
,,40.0,Zawy,-4.0,,,,,,,,,,,,,,,,,,,,,,,,,,,,,,,,,,Game 1,Cyjin: The Cyborg Ninja,,Dragon's Lair,,Void Prison,,Slender: The Arrival,,Find You,,,,,,,,,,,,,,,,,,,,,,,,,,,,,Apollo.,Buck Up and Drive,,,,,,1,,,,,,,,,,,,,ZALOLO,Blue Revolver,"Invisible, inc.",Brutal Orchestra,,,,3,,Zelda,,,,,,,,,,1,,,1Kick234,Celeste,,,,1,,,,,,,,,,,
,,41.0,てんのみかさ,-6.0,,,,,,,,,,,,,,,,,,,,,,,,,,,,,,,,,,Game 2,Bananner Nababber,,sunny-place,,Marimoth,,Spelldash,,Big Flappy Tower vs Tiny Square,,,,,,,,,,,,,,,,,,,,,,,,,,,,,Nihen,Skul the Hero Slayer,Ori and the Will of the Wisps,,,,,2,,,,,,,,,,,,,Gyavenson,Trials 2: Second Edition,,,,,,1,,T1,Bullet Hell,ASTRONAUTILUS,,,,,No,06/01,,,,,Breed,Hyperrogue,,,,1,,,,,,,,,,,
,,42.0,Kyara,-10.0,,,,,,,,,,,,,,,,,,,,,,,,,,,,,,,,,,Game 3,Wraithslayer,,Golfing Over It,,Vectorlord,,Neon Boost,,Another Perspective,,,,,,,,,,,,,,,,,,,,,,,,,,,,,Joker,BPM: BULLETS PER MINUTE,,,,,,1,,,,,,,,,,,,,Nuepiyoo,Rhythm Journey,,,,,,1,,T2,Arcade,Steamworld Dig 2,,,,,No,06/03,,,,,KingConn,N++,,,,1,,,,,,,,,,,
,,43.0,Razman,-12.0,,,,,,,,,,,,,,,,,,,,,,,,,,,,,,,,,,Game 4,UBERMOSH:OMEGA,,FEWAR-DVD,,Rheum,,Alien Removal Division,,Eat Colors,,,,,,,,,,,,,,,,,,,,,,,,,,,,,rajanb,Duck Game,,,,,,1,,,,,,,,,,,,,Quasar,DEADBOLT,,,,,,1,,T3,Action,Furi,,,,,No,06/06,,,,,Tettrum,Kreedz Climbing,,,,1,,,,,,,,,,,
,,,,,,,,,,,,,,,,,,,,,,,,,,,,,,,,,,,,,,Game 5,Dispersio 2,,You Died but a Necromancer,,LinearShooter,,Heroine of the Sniper,,Exception,,,,,,,,,,,,,,,,,,,,,,,,,,,,,cos65535,Jigoku Kisetsukan: Sense of the Seasons,,,,,,1,,,,,,,,,,,,,Bladier,Yooka-Laylee and the Impossible Lair,,,,,,1,,T4,Platformer,Rotund Rebound,,,,,No,06/27,,,,,Schmole,Hyperrogue,PogoStuck,Trials Evolution,,3,,,,,,,,,,,
,,,,,,,,,,,,,,,,,,,,,,,,,,,,,,,,,,,,,,,,,,,,,,,,,,,,,,,,,,,,,,,,,,,,,,,,,,,,Nuepiyoo,Q - A Neon Platformer,,,,,,1,,,,,,,,,,,,,Wantarou,DEAD,Rotund Rebound,Super Meat Boy Forever,,,,3,,,,,,,,,,,,,,,Legion,Hollow Knight,Trials Fusion,,,2,,,,,,,,,,,
,,,,,,,,,,,,,,,,,,,,,,,,,,,,,,,,,,,,,,,,,,,,,,,,,,,,,,,,,,,,,,,,,,,,,,,,,,,,Cirpacha,Reverse X Reverse,,,,,,1,,,,,,,,,,,,,Legion,Rabi-Ribi,Brutal Orchestra,,,,,2,,Name,Category,Game,,,,,Token Used?,,,Completions,,,Zelda,Desktop Dungeons,,,,1,,,,,,,,,,,
,,,,,,,,,,,,,,,,,,,,,,,,,,,,,,,,,,,,,,,,,,,,,,,,,,,,,,,,,,,,,,,,,,,,,,,,,,,,SUM10,Super Magbot,,,,,,1,,,,,,,,,,,,,Tettrum,Extricate,,,,,,1,,Folkius,,,,,,,,,,1,,,Kiehi,Celeste,,,,1,,,,,,,,,,,
,,,,,,,,,,,,,,,,,,,,,,,,,,,,,,,,,,,,,,Name,Action,,Arcade,,Bullet Hell,,First-Person,,Platformer,,,,Completions,,,,,,,,,,,,,,,,,,,,,,,,,kiehi,Happiness Drops!,,,,,,1,,,,,,,,,,,,,Kostucha,Necrosphere Deluxe,Phantom Jump,,,,,2,,T1,Platformer,Panic Porcupine,,,,,No,06/10,,,,,hisa,,,,,1,,,,,,,,,,,
,,,,,,,,,,,,,,,,,,,,,,,,,,,,,,,,,,,,,,Folkius,,,,,,,,,,,,,1,,,,,,,,,,,,,,,,,,,,,,,,,Uzzbuzz,Hopiko,,,,,,1,,,,,,,,,,,,,ぎょーざ,Yooka-Laylee and the Impossible Lair,,,,,,1,,T2,Arcade,Rhythm Sprout,,,,,No,06/15,,,,,,,,,,,,,,,,,,,,,
,,,,,,,,,,,,,,,,,,,,,,,,,,,,,,,,,,,,,,Game 1,UBERMOSH: OMEGA,,DriveDriveDrive!,,The Treehouse Man,,Alien Removal Division,,Micro Platformer,,,,,,,,,,,,,,,,,,,,,,,,,,,,,Ramia,Pizza Tower,Touhou Kikamu - Elegant Impermanence of Sakura,,,,,2,,,,,,,,,,,,,thatguy.,Wolfenstein II: The New Colossus,,,,,,1,,T3,Action,Midnight Fight Express,,,,,Yes x1,07/05,,,,,,,,,,,,,,,,,,,,,
,,,,,,,,,,,,,,,,,,,,,,,,,,,,,,,,,,,,,,Game 2,Alien Shooter,,Singled Out,,Vectorlord,,God Damn the Garden,,Heads Run,,,,,,,,,,,,,,,,,,,,,,,,,,,,,KingConn,Bleed,,,,,,1,,,,,,,,,,,,,Leaf,Necrosphere Deluxe,,,,,,1,,T4,Bullet Hell,Hitogata Happa,,,,,No,07/18,,,,,,,,,,,,,,,,,,,,,
,,,,,,,,,,,,,,,,,,,,,,,,,,,,,,,,,,,,,,Game 3,Gonner,,FEWAR DVD,,Snake2 DX Reawakening,,Heroine of the Sniper,,Flem,,,,,,,,,,,,,,,,,,,,,,,,,,,,,Kebarvu,Disc Room,,,,,,1,,,,,,,,,,,,,Jarvis,Yooka-Laylee and the Impossible Lair,,,,,,1,,,,,,,,,,,,,,,,,,,,,,,,,,,,,,,
,,,,,,,,,,,,,,,,,,,,,,,,,,,,,,,,,,,,,,Game 4,Dispersio 2,,STAY,,,,Spelldash,,Ascent,,,,,,,,,,,,,,,,,,,,,,,,,,,,,Rynoop,Boomerang X,,,,,,1,,,,,,,,,,,,,MrCooper,Stickit,,,,,,1,,Name,Category,Game,,,,,Token Used?,,,Completions,,,,,,,,,,,,,,,,,,,
,,,,,,,,,,,,,,,,,,,,,,,,,,,,,,,,,,,,,,Game 5,Bananner Nababber,,Duke Dashington,,,,Transpire,,Pixboy,,,,,,,,,,,,,,,,,,,,,,,,,,,,,oatmeal,Hextech Mayhem,,,,,,1,,,,,,,,,,,,,Folkius,Ikaruga,Hitogata Happa,,,,,2,,Cirpacha,,,,,,,,,,1,,,,,,,,,,,,,,,,,,,
,,,,,,,,,,,,,,,,,,,,,,,,,,,,,,,,,,,,,,,,,,,,,,,,,,,,,,,,,,,,,,,,,,,,,,,,,,,,,,,,,,,,,,,,,,,,,,,,Nihen,Scoot Kaboom and the Tomb of Doom,,,,,,1,,T1,Bullet Hell,Zenodeath,,,,,No,12/04,,,,,,,,,,,,,,,,,,,,,
,,,,,,,,,,,,,,,,,,,,,,,,,,,,,,,,,,,,,,,,,,,,,,,,,,,,,,,,,,,,,,,,,,,,,,,,,,,,,,,,,,,,,,,,,,,,,,,,cos65535,Equaline,,,,,,1,,T2,Arcade,Velocibox,,,,,Yes x1,12/17,,,,,,,,,,,,,,,,,,,,,
,,,,,,,,,,,,,,,,,,,,,,,,,,,,,,,,,,,,,,,,,,,,,,,,,,,,,,,,,,,,,,,,,,,,,,,,,,,,,,,,,,,,,,,,,,,,,,,,Retsu,Necrosphere,Disc Room,,,,,2,,T3,Action,Bleed,,,,,No,12/26,,,,,,,,,,,,,,,,,,,,,
,,,,,,,,,,,,,,,,,,,,,,,,,,,,,,,,,,,,,,Name,Action,,Arcade,,Bullet Hell,,First-Person,,Platformer,,,,Completions,,,,,,,,,,,,,,,,,,,,,,,,,,,,,,,,,,,,,,,,,,,,,KingConn,Super Meat Boy,,,,,,1,,T4,Platformer,Rotund Rebound,,,,,No,01/05,,,,,,,,,,,,,,,,,,,,,
,,,,,,,,,,,,,,,,,,,,,,,,,,,,,,,,,,,,,,Zelda,,,,,,,,,,,,,1,,,,,,,,,,,,,,,,,,,,,,,,,,,,,,,,,,,,,,,,,,,,,Breed,DEADBOLT,,,,,,1,,,,,,,,,,,,,,,,,,,,,,,,,,,,,,,
,,,,,,,,,,,,,,,,,,,,,,,,,,,,,,,,,,,,,,Game 1,Cyjin: the Cyborg Ninja,,Sprinter,,Snake2 DX Reawakening,,High Hell,,Prompt,,,,,,,,,,,,,,,,,,,,,,,,,,,,,,,,,,,,,,,,,,,,,,,,,Zelda,Splasher,Rotund Rebound,Rabi-Ribi,,,,3,,Name,Category,Game,,,,,Token Used?,,,Completions,,,,,,,,,,,,,,,,,,,
,,,,,,,,,,,,,,,,,,,,,,,,,,,,,,,,,,,,,,Game 2,UBERMOSH: OMEGA,,Save the Reactor,,The Treehouse Man,,Lovely Planet Arcade,,Milli and Greg,,,,,,,,,,,,,,,,,,,,,,,,,,,,,,,,,,,,,,,,,,,,,,,,,Ramia,∀kashicverse -Malicious Wake-,,,,,,1,,SUM10,,,,,,,,,,1,,,,,,,,,,,,,,,,,,,
,,,,,,,,,,,,,,,,,,,,,,,,,,,,,,,,,,,,,,Game 3,Akane,,Golfing Over It,,Jet Buster,,Heroine of the Sniper,,Axolotl is Dry,,,,,,,,,,,,,,,,,,,,,,,,,,,,,,,,,,,,,,,,,,,,,,,,,Koolboom,Splasher,,,,,,1,,T1,Arcade,PUSS!,,,,0.0,No,01/30,,,,,,,,,,,,,,,,,,,,,
,,,,,,,,,,,,,,,,,,,,,,,,,,,,,,,,,,,,,,Game 4,Savant Ascent,,FEWAR DVD,,Blast Rush Classic,,Alien Removal Division,,Flem,,,,,,,,,,,,,,,,,,,,,,,,,,,,,,,,,,,,,,,,,,,,,,,,,Natalie,Phantom Jump,Sunblaze,,,,,2,,T2,Platformer,Fist's Elimination Tower,,,,1.0,No,01/31,,,,,,,,,,,,,,,,,,,,,
,,,,,,,,,,,,,,,,,,,,,,,,,,,,,,,,,,,,,,Game 5,Gonner,,You Died but a Necromancer,,LinearShooter,,God Damn the Garden,,140,,,,,,,,,,,,,,,,,,,,,,,,,,,,,,,,,,,,,,,,,,,,,,,,,Nihen,Splasher,,,,,,1,,T3,Strategy,Peggle Nights,,,,2.0,No,02/11,,,,,,,,,,,,,,,,,,,,,
,,,,,,,,,,,,,,,,,,,,,,,,,,,,,,,,,,,,,,,,,,,,,,,,,,,,,,,,,,,,,,,,,,,,,,,,,,,,,,,,,,,,,,,,,,,,,,,,1Kick234,Avoid - Sensory Overload,,,,,,1,,T4,Bullet Hell,Fantastic Danmaku Festival II,,,,3.0,No,03/03,03/31,05/26,,,,,,,,,,,,,,,,,,,
,,,,,,,,,,,,,,,,,,,,,,,,,,,,,,,,,,,,,,,,,,,,,,,,,,,,,,,,,,,,,,,,,,,,,,,,,,,,,,,,,,,,,,,,,,,,,,,,Cirpacha,Scoot Kaboom and the Tomb of Doom,Giana Sisters: Twisted Dreams,,,,,2,,,,,,,,,,,,,,,,,,,,,,,,,,,,,,,
,,,,,,,,,,,,,,,,,,,,,,,,,,,,,,,,,,,,,,,,,,,,,,,,,,,,,,,,,,,,,,,,,,,,,,,,,,,,,,,,,,,,,,,,,,,,,,,,actor-river,Vault of the Void,,,,,,1,,,,,,,,,,,,,,,,,,,,,,,,,,,,,,,
,,,,,,,,,,,,,,,,,,,,,,,,,,,,,,,,,,,,,,Name,Action,,Arcade,,Bullet Hell,,First-Person,,Platformer,,,,Completions,,,,,,,,,,,,,,,,,,,,,,,,,,,,,,,,,,,,,,,,,,,,,Owl,Slay the Spire,,,,,,1,,,,,,,,,,,,,,,,,,,,,,,,,,,,,,,
,,,,,,,,,,,,,,,,,,,,,,,,,,,,,,,,,,,,,,SomeMugger,,,,,,,,,,,,,1,,,,,,,,,,,,,,,,,,,,,,,,,,,,,,,,,,,,,,,,,,,,,kiehi,Thumper,,,,,,1,,,,,,,,,,,,,,,,,,,,,,,,,,,,,,,
,,,,,,,,,,,,,,,,,,,,,,,,,,,,,,,,,,,,,,Game 1,Cybarian,,Eggy,,Blazend,,Alien Removal Division,,Salmon Ninja,,,,,,,,,,,,,,,,,,,,,,,,,,,,,,,,,,,,,,,,,,,,,,,,,Schmole,Scoot Kaboom and the Tower of Doom,One Finger Death Punch,,,,,2,,,,,,,,,,,,,,,,,,,,,,,,,,,,,,,
,,,,,,,,,,,,,,,,,,,,,,,,,,,,,,,,,,,,,,Game 2,Savant Ascent,,Raven's Hike,,Marimoth,,God Damn the Garden,,Thrill Penguin,,,,,,,,,,,,,,,,,,,,,,,,,,,,,,,,,,,,,,,,,,,,,,,,,Jayjay,Monster Train,,,,,,1,,,,,,,,,,,,,,,,,,,,,,,,,,,,,,,
,,,,,,,,,,,,,,,,,,,,,,,,,,,,,,,,,,,,,,Game 3,Gonner,,oO,,Rheum,,Slender the Arrival,,Another Perspective,,,,,,,,,,,,,,,,,,,,,,,,,,,,,,,,,,,,,,,,,,,,,,,,,SUM10,Stickit,,,,,,1,,,,,,,,,,,,,,,,,,,,,,,,,,,,,,,
,,,,,,,,,,,,,,,,,,,,,,,,,,,,,,,,,,,,,,Game 4,Dispersio 2,,Pan Dimensional Congo Combat,,RefleX,,Spelldash,,Darkour,,,,,,,,,,,,,,,,,,,,,,,,,,,,,,,,,,,,,,,,,,,,,,,,,Kanra,Riptale,,,,,,1,,,,,,,,,,,,,,,,,,,,,,,,,,,,,,,
,,,,,,,,,,,,,,,,,,,,,,,,,,,,,,,,,,,,,,Game 5,Gunborg,,DriveDriveDrive,,The Treehouse Man,,,,PanGEMic,,,,,,,,,,,,,,,,,,,,,,,,,,,,,,,,,,,,,,,,,,,,,,,,,Uzzbuzz,Super Meat Boy Forever,,,,,,1,,,,,,,,,,,,,,,,,,,,,,,,,,,,,,,
,,,,,,,,,,,,,,,,,,,,,,,,,,,,,,,,,,,,,,Name,Action,,Arcade,,Bullet Hell,,First-Person,,Platformer,,,,Completions,,,,,,,,,,,,,,,,,,,,,,,,,,,,,,,,,,,,,,,,,,,,,,,,,,,,,,,,,,,,,,,,,,,,,,,,,,,,,,,,,,,
,,,,,,,,,,,,,,,,,,,,,,,,,,,,,,,,,,,,,,Leaf,,,,,,,,,,,,,1,,,,,,,,,,,,,,,,,,,,,,,,,,,,,,,,,,,,,,,,,,,,,,,,,,,,,,,,,,,,,,,,,,,,,,,,,,,,,,,,,,,
,,,,,,,,,,,,,,,,,,,,,,,,,,,,,,,,,,,,,,Game 1,Mini Ghost,,Crazy Taxi,,The Treehouse Man,,Lovely Planet Arcade,,Exception,,,,,,,,,,,,,,,,,,,,,,,,,,,,,,,,,,,,,,,,,,,,,,,,,,,,,,,,,,,,,,,,,,,,,,,,,,,,,,,,,,,,,,,
,,,,,,,,,,,,,,,,,,,,,,,,,,,,,,,,,,,,,,Game 2,Gonner,,Neo Neo,,Jet Buster,,Spelldash,,Prompt,,,,,,,,,,,,,,,,,,,,,,,,,,,,,,,,,,,,,,,,,,,,,,,,,,,,,,,,,,,,,,,,,,,,,,,,,,,,,,,,,,,,,,,
,,,,,,,,,,,,,,,,,,,,,,,,,,,,,,,,,,,,,,Game 3,Cyjin: The Cyborg Ninja,,Singled Out,,Void Prison,,Slender the Arrival,,Miles & Kilo,,,,,,,,,,,,,,,,,,,,,,,,,,,,,,,,,,,,,,,,,,,,,,,,,,,,,,,,,,,,,,,,,,,,,,,,,,,,,,,,,,,,,,,
,,,,,,,,,,,,,,,,,,,,,,,,,,,,,,,,,,,,,,Game 4,Bananner Nababber,,Crossing Guard Joe,,LinearShooter,,Alien Removal Division,,LIMBO,,,,,,,,,,,,,,,,,,,,,,,,,,,,,,,,,,,,,,,,,,,,,,,,,,,,,,,,,,,,,,,,,,,,,,,,,,,,,,,,,,,,,,,
,,,,,,,,,,,,,,,,,,,,,,,,,,,,,,,,,,,,,,Game 5,Dispersio 2,,BARRIER X,,Escape From Terror City,,God Damn the Garden,,Pixboy,,,,,,,,,,,,,,,,,,,,,,,,,,,,,,,,,,,,,,,,,,,,,,,,,,,,,,,,,,,,,,,,,,,,,,,,,,,,,,,,,,,,,,,
,,,,,,,,,,,,,,,,,,,,,,,,,,,,,,,,,,,,,,Name,Action,,Arcade,,Bullet Hell,,First-Person,,Platformer,,,,Completions,,,,,,,,,,,,,,,,,,,,,,,,,,,,,,,,,,,,,,,,,,,,,,,,,,,,,,,,,,,,,,,,,,,,,,,,,,,,,,,,,,,
,,,,,,,,,,,,,,,,,,,,,,,,,,,,,,,,,,,,,,Schmole,,,,,,,,,,,,,1,,,,,,,,,,,,,,,,,,,,,,,,,,,,,,,,,,,,,,,,,,,,,,,,,,,,,,,,,,,,,,,,,,,,,,,,,,,,,,,,,,,
,,,,,,,,,,,,,,,,,,,,,,,,,,,,,,,,,,,,,,Game 1,Wraithslayer,,Split Bullet,,Marimoth,,Slender the Arrival,,Quickly Quackley,,,,,,,,,,,,,,,,,,,,,,,,,,,,,,,,,,,,,,,,,,,,,,,,,,,,,,,,,,,,,,,,,,,,,,,,,,,,,,,,,,,,,,,
,,,,,,,,,,,,,,,,,,,,,,,,,,,,,,,,,,,,,,Game 2,Dispersio 2,,You Died but a Necromancer,,Escape From Terror City,,Lovely Planet Arcade,,Big Flappy Tower VS Tiny Square,,,,,,,,,,,,,,,,,,,,,,,,,,,,,,,,,,,,,,,,,,,,,,,,,,,,,,,,,,,,,,,,,,,,,,,,,,,,,,,,,,,,,,,
,,,,,,,,,,,,,,,,,,,,,,,,,,,,,,,,,,,,,,Game 3,UBERMOSH: OMEGA,,Eggy,,RefleX,,Heroine of the Sniper,,Squidlit,,,,,,,,,,,,,,,,,,,,,,,,,,,,,,,,,,,,,,,,,,,,,,,,,,,,,,,,,,,,,,,,,,,,,,,,,,,,,,,,,,,,,,,
,,,,,,,,,,,,,,,,,,,,,,,,,,,,,,,,,,,,,,Game 4,Bananner Nababber,,Cosmophony,,Blazend,,High Hell,,Ascent,,,,,,,,,,,,,,,,,,,,,,,,,,,,,,,,,,,,,,,,,,,,,,,,,,,,,,,,,,,,,,,,,,,,,,,,,,,,,,,,,,,,,,,
,,,,,,,,,,,,,,,,,,,,,,,,,,,,,,,,,,,,,,Game 5,Alien Shooter,,STAY,,Prologue for a Vacant Kingdom,,Neon Boost,,PanGEMic,,,,,,,,,,,,,,,,,,,,,,,,,,,,,,,,,,,,,,,,,,,,,,,,,,,,,,,,,,,,,,,,,,,,,,,,,,,,,,,,,,,,,,,
,,,,,,,,,,,,,,,,,,,,,,,,,,,,,,,,,,,,,,Name,Action,,Arcade,,Bullet Hell,,First-Person,,Platformer,,,,Completions,,,,,,,,,,,,,,,,,,,,,,,,,,,,,,,,,,,,,,,,,,,,,,,,,,,,,,,,,,,,,,,,,,,,,,,,,,,,,,,,,,,
,,,,,,,,,,,,,,,,,,,,,,,,,,,,,,,,,,,,,,Legion,,,,,,,,,,,,,1,,,,,,,,,,,,,,,,,,,,,,,,,,,,,,,,,,,,,,,,,,,,,,,,,,,,,,,,,,,,,,,,,,,,,,,,,,,,,,,,,,,
,,,,,,,,,,,,,,,,,,,,,,,,,,,,,,,,,,,,,,Game 1,Mega Serval,,Sullen,,Marimoth,,Alien Removal Division,,Pain Party,,,,,,,,,,,,,,,,,,,,,,,,,,,,,,,,,,,,,,,,,,,,,,,,,,,,,,,,,,,,,,,,,,,,,,,,,,,,,,,,,,,,,,,
,,,,,,,,,,,,,,,,,,,,,,,,,,,,,,,,,,,,,,Game 2,Cybarian,,Somos,,Void Prison,,Transpire,,Exception,,,,,,,,,,,,,,,,,,,,,,,,,,,,,,,,,,,,,,,,,,,,,,,,,,,,,,,,,,,,,,,,,,,,,,,,,,,,,,,,,,,,,,,
,,,,,,,,,,,,,,,,,,,,,,,,,,,,,,,,,,,,,,Game 3,Savant Ascent,,You Died but a Necromancer,,Rheum,,God Damn the Garden,,Jubilee,,,,,,,,,,,,,,,,,,,,,,,,,,,,,,,,,,,,,,,,,,,,,,,,,,,,,,,,,,,,,,,,,,,,,,,,,,,,,,,,,,,,,,,
,,,,,,,,,,,,,,,,,,,,,,,,,,,,,,,,,,,,,,Game 4,Cyjin: the Cyborg Ninja,,Safety First,,Blast Rush Classic,,Spelldash,,Sprout,,,,,,,,,,,,,,,,,,,,,,,,,,,,,,,,,,,,,,,,,,,,,,,,,,,,,,,,,,,,,,,,,,,,,,,,,,,,,,,,,,,,,,,
,,,,,,,,,,,,,,,,,,,,,,,,,,,,,,,,,,,,,,Game 5,Apple Slash,,Save the Reactor,,RefleX,,Lovely Planet Arcade,,Salmon Ninja,,,,,,,,,,,,,,,,,,,,,,,,,,,,,,,,,,,,,,,,,,,,,,,,,,,,,,,,,,,,,,,,,,,,,,,,,,,,,,,,,,,,,,,
,,,,,,,,,,,,,,,,,,,,,,,,,,,,,,,,,,,,,,Name,Action,,Arcade,,Bullet Hell,,First-Person,,Platformer,,Rolled on,Can re-roll on,Complete by,,,,,,,,,,,,,,,,,,,,,,,,,,,,,,,,,,,,,,,,,,,,,,,,,,,,,,,,,,,,,,,,,,,,,,,,,,,,,,,,,,,
,,,,,,,,,,,,,,,,,,,,,,,,,,,,,,,,,,,,,,Kostucha,,,,,,,,,,,,,,,,,,,,,,,,,,,,,,,,,,,,,,,,,,,,,,,,,,,,,,,,,,,,,,,,,,,,,,,,,,,,,,,,,,,,,,,,,,,,,,,,
,,,,,,,,,,,,,,,,,,,,,,,,,,,,,,,,,,,,,,Game 1,Bananner Nababber,,oO,,The Treehouse Man,,Transpire,,System Purge,,,,,,,,,,,,,,,,,,,,,,,,,,,,,,,,,,,,,,,,,,,,,,,,,,,,,,,,,,,,,,,,,,,,,,,,,,,,,,,,,,,,,,,
,,,,,,,,,,,,,,,,,,,,,,,,,,,,,,,,,,,,,,Game 2,UBERMOSH: OMEGA,,Sprinter,,Prologue for a Vacant Kingdom,,Slender the Arrival,,Panic Porcupine,,,,,,,,,,,,,,,,,,,,,,,,,,,,,,,,,,,,,,,,,,,,,,,,,,,,,,,,,,,,,,,,,,,,,,,,,,,,,,,,,,,,,,,
,,,,,,,,,,,,,,,,,,,,,,,,,,,,,,,,,,,,,,Game 3,Destructivator 2,,Raven's Hike,,Snake2 DX Reawakening,,High Hell,,Find You,,,,,,,,,,,,,,,,,,,,,,,,,,,,,,,,,,,,,,,,,,,,,,,,,,,,,,,,,,,,,,,,,,,,,,,,,,,,,,,,,,,,,,,
,,,,,,,,,,,,,,,,,,,,,,,,,,,,,,,,,,,,,,Game 4,Dispersio 2,,FEWAR DVD,,LinearShooter,,Alien Removal Division,,Ascent,,,,,,,,,,,,,,,,,,,,,,,,,,,,,,,,,,,,,,,,,,,,,,,,,,,,,,,,,,,,,,,,,,,,,,,,,,,,,,,,,,,,,,,
,,,,,,,,,,,,,,,,,,,,,,,,,,,,,,,,,,,,,,Game 5,Alien Shooter,,Split Bullet,,Marimoth,,Spelldash,,Grapplewell,,,,,,,,,,,,,,,,,,,,,,,,,,,,,,,,,,,,,,,,,,,,,,,,,,,,,,,,,,,,,,,,,,,,,,,,,,,,,,,,,,,,,,,
,,,,,,,,,,,,,,,,,,,,,,,,,,,,,,,,,,,,,,Name,Action,,Arcade,,Bullet Hell,,First-Person,,Strategy,,,,Completions,,,,,,,,,,,,,,,,,,,,,,,,,,,,,,,,,,,,,,,,,,,,,,,,,,,,,,,,,,,,,,,,,,,,,,,,,,,,,,,,,,,
,,,,,,,,,,,,,,,,,,,,,,,,,,,,,,,,,,,,,,Cos65535,,,,,,,,,,,,,1,,,,,,,,,,,,,,,,,,,,,,,,,,,,,,,,,,,,,,,,,,,,,,,,,,,,,,,,,,,,,,,,,,,,,,,,,,,,,,,,,,,
,,,,,,,,,,,,,,,,,,,,,,,,,,,,,,,,,,,,,,Game 1,Void Prison,,Double Kick Heroes,,Prologue for a Vacant Kingdom,,Slender: The Arrival,,Pushcat,,,,,,,,,,,,,,,,,,,,,,,,,,,,,,,,,,,,,,,,,,,,,,,,,,,,,,,,,,,,,,,,,,,,,,,,,,,,,,,,,,,,,,,
,,,,,,,,,,,,,,,,,,,,,,,,,,,,,,,,,,,,,,Game 2,Driven Out,,SUPER FLAIL,,RAIN Project,,Clustertruck,,Evergarden,,,,,,,,,,,,,,,,,,,,,,,,,,,,,,,,,,,,,,,,,,,,,,,,,,,,,,,,,,,,,,,,,,,,,,,,,,,,,,,,,,,,,,,
,,,,,,,,,,,,,,,,,,,,,,,,,,,,,,,,,,,,,,Game 3,Cybarian,,SPLIT BULLET,,Jet Buster,,Spelldash,,Fingered,,,,,,,,,,,,,,,,,,,,,,,,,,,,,,,,,,,,,,,,,,,,,,,,,,,,,,,,,,,,,,,,,,,,,,,,,,,,,,,,,,,,,,,
,,,,,,,,,,,,,,,,,,,,,,,,,,,,,,,,,,,,,,Game 4,Dizzy Rogues,,No Parachute,,The Adventures of Ten and Till,,God Damn the Garden,,Peggle Extreme,,,,,,,,,,,,,,,,,,,,,,,,,,,,,,,,,,,,,,,,,,,,,,,,,,,,,,,,,,,,,,,,,,,,,,,,,,,,,,,,,,,,,,,
,,,,,,,,,,,,,,,,,,,,,,,,,,,,,,,,,,,,,,Game 5,The Legend of Dark Witch,,Safety First!,,LinearShooter Remixed,,Neon Boost,,XANDO: Xtreme & Over the Top,,,,,,,,,,,,,,,,,,,,,,,,,,,,,,,,,,,,,,,,,,,,,,,,,,,,,,,,,,,,,,,,,,,,,,,,,,,,,,,,,,,,,,,
,,,,,,,,,,,,,,,,,,,,,,,,,,,,,,,,,,,,,,Name,Action,,Arcade,,Bullet Hell,,First-Person,,Platformer,,Rolled on,Can re-roll on,Completions,,,,,,,,,,,,,,,,,,,,,,,,,,,,,,,,,,,,,,,,,,,,,,,,,,,,,,,,,,,,,,,,,,,,,,,,,,,,,,,,,,,
,,,,,,,,,,,,,,,,,,,,,,,,,,,,,,,,,,,,,,nuepiyoo,,,,,,,,,,,07/12/2023,10/04/2023,1,,,,,,,,,,,,,,,,,,,,,,,,,,,,,,,,,,,,,,,,,,,,,,,,,,,,,,,,,,,,,,,,,,,,,,,,,,,,,,,,,,,
,,,,,,,,,,,,,,,,,,,,,,,,,,,,,,,,,,,,,,Game 1,SINNER: Sacrifice for Redemption,,Untitled Goose Game,,Rheum,,Slender: The Arrival,,Salmon Ninja,,,,,,,,,,,,,,,,,,,,,,,,,,,,,,,,,,,,,,,,,,,,,,,,,,,,,,,,,,,,,,,,,,,,,,,,,,,,,,,,,,,,,,,
,,,,,,,,,,,,,,,,,,,,,,,,,,,,,,,,,,,,,,Game 2,Driven Out,,NEO NEO,,Zenodyne R,,Heroine of the Sniper,,One Gun Guy,,,,,,,,,,,,,,,,,,,,,,,,,,,,,,,,,,,,,,,,,,,,,,,,,,,,,,,,,,,,,,,,,,,,,,,,,,,,,,,,,,,,,,,
,,,,,,,,,,,,,,,,,,,,,,,,,,,,,,,,,,,,,,Game 3,Void Prison,,SUPER FLAIL,,RefleX,,High Hell,,Get-A-Grip Chip,,,,,,,,,,,,,,,,,,,,,,,,,,,,,,,,,,,,,,,,,,,,,,,,,,,,,,,,,,,,,,,,,,,,,,,,,,,,,,,,,,,,,,,
,,,,,,,,,,,,,,,,,,,,,,,,,,,,,,,,,,,,,,Game 4,Akane,,Flywrench,,HyperDot,,Cyber Hook,,Tightrope Theatre,,,,,,,,,,,,,,,,,,,,,,,,,,,,,,,,,,,,,,,,,,,,,,,,,,,,,,,,,,,,,,,,,,,,,,,,,,,,,,,,,,,,,,,
,,,,,,,,,,,,,,,,,,,,,,,,,,,,,,,,,,,,,,Game 5,UBERMOSH:OMEGA,,Minichef,,Prologue for a Vacant Kingdom,,God Damn the Garden,,Chameleon Run Deluxe Edition,,,,,,,,,,,,,,,,,,,,,,,,,,,,,,,,,,,,,,,,,,,,,,,,,,,,,,,,,,,,,,,,,,,,,,,,,,,,,,,,,,,,,,,
,,,,,,,,,,,,,,,,,,,,,,,,,,,,,,,,,,,,,,Name,Action,,Arcade,,Bullet Hell,,First-Person,,Strategy,,Rolled on,,Completions,,,,,,,,,,,,,,,,,,,,,,,,,,,,,,,,,,,,,,,,,,,,,,,,,,,,,,,,,,,,,,,,,,,,,,,,,,,,,,,,,,,
,,,,,,,,,,,,,,,,,,,,,,,,,,,,,,,,,,,,,,Cirpacha,,,,,,,,,,,10/15/2023,,1,,,,,,,,,,,,,,,,,,,,,,,,,,,,,,,,,,,,,,,,,,,,,,,,,,,,,,,,,,,,,,,,,,,,,,,,,,,,,,,,,,,
,,,,,,,,,,,,,,,,,,,,,,,,,,,,,,,,,,,,,,Game 1,Cyjin: The Cyborg Ninja,,Run Turn Die,,PuPaiPo Space Deluxe,,Alien Removal Division,,Fingered,,,,,,,,,,,,,,,,,,,,,,,,,,,,,,,,,,,,,,,,,,,,,,,,,,,,,,,,,,,,,,,,,,,,,,,,,,,,,,,,,,,,,,,
,,,,,,,,,,,,,,,,,,,,,,,,,,,,,,,,,,,,,,Game 2,Gunborg: Dark Matters,,C-4,,Zenodeath,,SPEEDRUNNER,,A=B,,,,,,,,,,,,,,,,,,,,,,,,,,,,,,,,,,,,,,,,,,,,,,,,,,,,,,,,,,,,,,,,,,,,,,,,,,,,,,,,,,,,,,,
,,,,,,,,,,,,,,,,,,,,,,,,,,,,,,,,,,,,,,Game 3,Super Crate Box,,Let's Worm,,Escape from Terror City,,SUFFER,,Evergarden,,,,,,,,,,,,,,,,,,,,,,,,,,,,,,,,,,,,,,,,,,,,,,,,,,,,,,,,,,,,,,,,,,,,,,,,,,,,,,,,,,,,,,,
,,,,,,,,,,,,,,,,,,,,,,,,,,,,,,,,,,,,,,Game 4,SINNER,,Pan-Dimensional Conga Combat,,Rheum,,Well...,,Peggle Extreme,,,,,,,,,,,,,,,,,,,,,,,,,,,,,,,,,,,,,,,,,,,,,,,,,,,,,,,,,,,,,,,,,,,,,,,,,,,,,,,,,,,,,,,
,,,,,,,,,,,,,,,,,,,,,,,,,,,,,,,,,,,,,,Game 5,Apple Slash,,Sharpshooter Plus,,VECTORLORD,,Welkin Road,,Pushcat,,,,,,,,,,,,,,,,,,,,,,,,,,,,,,,,,,,,,,,,,,,,,,,,,,,,,,,,,,,,,,,,,,,,,,,,,,,,,,,,,,,,,,,
,,,,,,,,,,,,,,,,,,,,,,,,,,,,,,,,,,,,,,Name,Action,,Arcade,,Bullet Hell,,First-Person,,Platformer,,Rolled on,,Completions,,,,,,,,,,,,,,,,,,,,,,,,,,,,,,,,,,,,,,,,,,,,,,,,,,,,,,,,,,,,,,,,,,,,,,,,,,,,,,,,,,,
,,,,,,,,,,,,,,,,,,,,,,,,,,,,,,,,,,,,,,SUM10,,,,,,,,,,,11/23/2023,,1,,,,,,,,,,,,,,,,,,,,,,,,,,,,,,,,,,,,,,,,,,,,,,,,,,,,,,,,,,,,,,,,,,,,,,,,,,,,,,,,,,,
,,,,,,,,,,,,,,,,,,,,,,,,,,,,,,,,,,,,,,Game 1,Exit the Gungeon,,Sharpshooter Plus,,Prologue for a Vacant Kingdom,,KILLBUG,,Axolotl is Dry,,,,,,,,,,,,,,,,,,,,,,,,,,,,,,,,,,,,,,,,,,,,,,,,,,,,,,,,,,,,,,,,,,,,,,,,,,,,,,,,,,,,,,,
,,,,,,,,,,,,,,,,,,,,,,,,,,,,,,,,,,,,,,Game 2,Toki,,Flipon,,Zenodeath,,Neon Boost,,I am Ball,,,,,,,,,,,,,,,,,,,,,,,,,,,,,,,,,,,,,,,,,,,,,,,,,,,,,,,,,,,,,,,,,,,,,,,,,,,,,,,,,,,,,,,
,,,,,,,,,,,,,,,,,,,,,,,,,,,,,,,,,,,,,,Game 3,Cybarian: The Time Travelling Warrior,,Eggy,,#Snake2 DX: Reawakening,,SPEEDRUNNER,,Milli & Greg,,,,,,,,,,,,,,,,,,,,,,,,,,,,,,,,,,,,,,,,,,,,,,,,,,,,,,,,,,,,,,,,,,,,,,,,,,,,,,,,,,,,,,,
,,,,,,,,,,,,,,,,,,,,,,,,,,,,,,,,,,,,,,Game 4,Driven Out,,Raven's Hike,,The Treehouse Man,,High Hell,,Lantern Bearer,,,,,,,,,,,,,,,,,,,,,,,,,,,,,,,,,,,,,,,,,,,,,,,,,,,,,,,,,,,,,,,,,,,,,,,,,,,,,,,,,,,,,,,
,,,,,,,,,,,,,,,,,,,,,,,,,,,,,,,,,,,,,,Game 5,Gunborg: Dark Matters,,Pan-Dimensional Conga Combat,,Escape from Terror City,,Lovely Planet Arcade,,Crumble,,,,,,,,,,,,,,,,,,,,,,,,,,,,,,,,,,,,,,,,,,,,,,,,,,,,,,,,,,,,,,,,,,,,,,,,,,,,,,,,,,,,,,,
,,,,,,,,,,,,,,,,,,,,,,,,,,,,,,,,,,,,,,Name,Action,,Arcade,,Bullet Hell,,Strategy,,Platformer,,Rolled on,,Completions,,,,,,,,,,,,,,,,,,,,,,,,,,,,,,,,,,,,,,,,,,,,,,,,,,,,,,,,,,,,,,,,,,,,,,,,,,,,,,,,,,,
,,,,,,,,,,,,,,,,,,,,,,,,,,,,,,,,,,,,,,AkaraWa,,,,,,,,,,,12/31/2023,,1,,,,,,,,,,,,,,,,,,,,,,,,,,,,,,,,,,,,,,,,,,,,,,,,,,,,,,,,,,,,,,,,,,,,,,,,,,,,,,,,,,,
,,,,,,,,,,,,,,,,,,,,,,,,,,,,,,,,,,,,,,Game 1,Punch A Bunch,,Speed Limit,,Devastator,,Peggle Extreme,,Charge Kid,,,,,,,,,,,,,,,,,,,,,,,,,,,,,,,,,,,,,,,,,,,,,,,,,,,,,,,,,,,,,,,,,,,,,,,,,,,,,,,,,,,,,,,
,,,,,,,,,,,,,,,,,,,,,,,,,,,,,,,,,,,,,,Game 2,Wraithslayer,,Dragon's Lair,,The Treehouse Man,,A Healer Only Lives Twice,,Super Hamster Ball,,,,,,,,,,,,,,,,,,,,,,,,,,,,,,,,,,,,,,,,,,,,,,,,,,,,,,,,,,,,,,,,,,,,,,,,,,,,,,,,,,,,,,,
,,,,,,,,,,,,,,,,,,,,,,,,,,,,,,,,,,,,,,Game 3,Toki,,The Next Penelope,,Crucible,,XANDO: Xtreme & Over the Top,,Thrill Penguin,,,,,,,,,,,,,,,,,,,,,,,,,,,,,,,,,,,,,,,,,,,,,,,,,,,,,,,,,,,,,,,,,,,,,,,,,,,,,,,,,,,,,,,
,,,,,,,,,,,,,,,,,,,,,,,,,,,,,,,,,,,,,,Game 4,Dispersio 2,,FutureGrind,,LinearShooter Remixed,,Fingered,,Cloud Escape,,,,,,,,,,,,,,,,,,,,,,,,,,,,,,,,,,,,,,,,,,,,,,,,,,,,,,,,,,,,,,,,,,,,,,,,,,,,,,,,,,,,,,,
,,,,,,,,,,,,,,,,,,,,,,,,,,,,,,,,,,,,,,Game 5,Mega Serval,,Aliens Go Home Run,,Zenodyne R,,Tile Tale,,Light Fall,,,,,,,,,,,,,,,,,,,,,,,,,,,,,,,,,,,,,,,,,,,,,,,,,,,,,,,,,,,,,,,,,,,,,,,,,,,,,,,,,,,,,,,
,,,,,,,,,,,,,,,,,,,,,,,,,,,,,,,,,,,,,,Name,Strategy,,Arcade,,Bullet Hell,,First-Person,,Platformer,,Rolled on,,Completions,,,,,,,,,,,,,,,,,,,,,,,,,,,,,,,,,,,,,,,,,,,,,,,,,,,,,,,,,,,,,,,,,,,,,,,,,,,,,,,,,,,
,,,,,,,,,,,,,,,,,,,,,,,,,,,,,,,,,,,,,,Leaf,,,,,,,,,,,03/13/2024,,1,,,,,,,,,,,,,,,,,,,,,,,,,,,,,,,,,,,,,,,,,,,,,,,,,,,,,,,,,,,,,,,,,,,,,,,,,,,,,,,,,,,
,,,,,,,,,,,,,,,,,,,,,,,,,,,,,,,,,,,,,,,A Healer Only Lives Twice,,Sharpshooter Plus,,sunny-place-2,,Heroine of the Sniper,,Super Hamster Ball,,,,,,,,,,,,,,,,,,,,,,,,,,,,,,,,,,,,,,,,,,,,,,,,,,,,,,,,,,,,,,,,,,,,,,,,,,,,,,,,,,,,,,,
,,,,,,,,,,,,,,,,,,,,,,,,,,,,,,,,,,,,,,,Fingered!,,Cosmophony,,VECTORLORD,,Spectrolite,,An Octonaut Oddysey,,,,,,,,,,,,,,,,,,,,,,,,,,,,,,,,,,,,,,,,,,,,,,,,,,,,,,,,,,,,,,,,,,,,,,,,,,,,,,,,,,,,,,,
,,,,,,,,,,,,,,,,,,,,,,,,,,,,,,,,,,,,,,,Peggle Extreme,,Clutchball,,Blazend,,Well...,,Lantern Bearer,,,,,,,,,,,,,,,,,,,,,,,,,,,,,,,,,,,,,,,,,,,,,,,,,,,,,,,,,,,,,,,,,,,,,,,,,,,,,,,,,,,,,,,
,,,,,,,,,,,,,,,,,,,,,,,,,,,,,,,,,,,,,,,Pushcat,,Tadpole Treble,,Beat Da Beat,,One More Dungeon 2,,Binaries,,,,,,,,,,,,,,,,,,,,,,,,,,,,,,,,,,,,,,,,,,,,,,,,,,,,,,,,,,,,,,,,,,,,,,,,,,,,,,,,,,,,,,,
,,,,,,,,,,,,,,,,,,,,,,,,,,,,,,,,,,,,,,,Evergarden,,Neo Neo,,PuPaiPo Space Deluxe,,SPEEDRUNNER,,Darkour,,,,,,,,,,,,,,,,,,,,,,,,,,,,,,,,,,,,,,,,,,,,,,,,,,,,,,,,,,,,,,,,,,,,,,,,,,,,,,,,,,,,,,,
,,,,,,,,,,,,,,,,,,,,,,,,,,,,,,,,,,,,,,Name,Action,,Arcade,,Bullet Hell,,First-Person,,Platformer,,Rolled on,,Completions,,,,,,,,,,,,,,,,,,,,,,,,,,,,,,,,,,,,,,,,,,,,,,,,,,,,,,,,,,,,,,,,,,,,,,,,,,,,,,,,,,,
,,,,,,,,,,,,,,,,,,,,,,,,,,,,,,,,,,,,,,leaf,,,,,,,,,,,06/28/2023,,1,,,,,,,,,,,,,,,,,,,,,,,,,,,,,,,,,,,,,,,,,,,,,,,,,,,,,,,,,,,,,,,,,,,,,,,,,,,,,,,,,,,
,,,,,,,,,,,,,,,,,,,,,,,,,,,,,,,,,,,,,,Game 1,Gunborg: Dark Matters,,Radium,,Marimoth,,Metal: Hellsinger,,Belle Boomerang,,,,,,,,,,,,,,,,,,,,,,,,,,,,,,,,,,,,,,,,,,,,,,,,,,,,,,,,,,,,,,,,,,,,,,,,,,,,,,,,,,,,,,,
,,,,,,,,,,,,,,,,,,,,,,,,,,,,,,,,,,,,,,Game 2,Mega Serval,,The Paper Game,,Blast Rush Classic,,Well...,,I am Ball,,,,,,,,,,,,,,,,,,,,,,,,,,,,,,,,,,,,,,,,,,,,,,,,,,,,,,,,,,,,,,,,,,,,,,,,,,,,,,,,,,,,,,,
,,,,,,,,,,,,,,,,,,,,,,,,,,,,,,,,,,,,,,Game 3,METAL SLUG,,Sprinter,,RefleX,,Transpire,,Milli & Greg,,,,,,,,,,,,,,,,,,,,,,,,,,,,,,,,,,,,,,,,,,,,,,,,,,,,,,,,,,,,,,,,,,,,,,,,,,,,,,,,,,,,,,,
,,,,,,,,,,,,,,,,,,,,,,,,,,,,,,,,,,,,,,Game 4,Swarm,,DUNKYPUNG,,The Treehouse Man,,God Damn The Garden,,Cloud Escape,,,,,,,,,,,,,,,,,,,,,,,,,,,,,,,,,,,,,,,,,,,,,,,,,,,,,,,,,,,,,,,,,,,,,,,,,,,,,,,,,,,,,,,
,,,,,,,,,,,,,,,,,,,,,,,,,,,,,,,,,,,,,,Game 5,Super Crate Box,,Pirate Pop Plus,,VECTORLORD,,killbug,,Defunct,,,,,,,,,,,,,,,,,,,,,,,,,,,,,,,,,,,,,,,,,,,,,,,,,,,,,,,,,,,,,,,,,,,,,,,,,,,,,,,,,,,,,,,
,,,,,,,,,,,,,,,,,,,,,,,,,,,,,,,,,,,,,,Name,Action,,Arcade,,Bullet Hell,,Strategy,,Platformer,,Rolled on,,Completions,,,,,,,,,,,,,,,,,,,,,,,,,,,,,,,,,,,,,,,,,,,,,,,,,,,,,,,,,,,,,,,,,,,,,,,,,,,,,,,,,,,
,,,,,,,,,,,,,,,,,,,,,,,,,,,,,,,,,,,,,,Kanra,,,,,,,,,,,06/30/2023,,1,,,,,,,,,,,,,,,,,,,,,,,,,,,,,,,,,,,,,,,,,,,,,,,,,,,,,,,,,,,,,,,,,,,,,,,,,,,,,,,,,,,
,,,,,,,,,,,,,,,,,,,,,,,,,,,,,,,,,,,,,,Game 1,Death's Door,,Singled Out,,Devastator,,TILE TALE,,Axolotl is Dry,,,,,,,,,,,,,,,,,,,,,,,,,,,,,,,,,,,,,,,,,,,,,,,,,,,,,,,,,,,,,,,,,,,,,,,,,,,,,,,,,,,,,,,
,,,,,,,,,,,,,,,,,,,,,,,,,,,,,,,,,,,,,,Game 2,Cyjin: The Cyborg Ninja,,Aliens Go Home Run,,13 Seconds,,XANDO: Xtreme & Over the Top,,Eggy,,,,,,,,,,,,,,,,,,,,,,,,,,,,,,,,,,,,,,,,,,,,,,,,,,,,,,,,,,,,,,,,,,,,,,,,,,,,,,,,,,,,,,,
,,,,,,,,,,,,,,,,,,,,,,,,,,,,,,,,,,,,,,Game 3,Savant - Ascent,,Flywrench,,VECTORLORD,,A Healer Only Lives Twice,,Deneb: Across the Stars,,,,,,,,,,,,,,,,,,,,,,,,,,,,,,,,,,,,,,,,,,,,,,,,,,,,,,,,,,,,,,,,,,,,,,,,,,,,,,,,,,,,,,,
,,,,,,,,,,,,,,,,,,,,,,,,,,,,,,,,,,,,,,Game 4,B.I.O.T.A.,,Pirate Pop Plus,,A Way To Die,,FIngered!,,Belle Boomerang,,,,,,,,,,,,,,,,,,,,,,,,,,,,,,,,,,,,,,,,,,,,,,,,,,,,,,,,,,,,,,,,,,,,,,,,,,,,,,,,,,,,,,,
,,,,,,,,,,,,,,,,,,,,,,,,,,,,,,,,,,,,,,Game 5,Dizzy Rogues,,SOMOS,,Beat Da Beat,,The Ouroboros King,,One Gun Guy,,,,,,,,,,,,,,,,,,,,,,,,,,,,,,,,,,,,,,,,,,,,,,,,,,,,,,,,,,,,,,,,,,,,,,,,,,,,,,,,,,,,,,,
