One Hell of a Day,Kostucha,7c2c6d6b-ffc2-49c7-8c9c-26b8455eb26f,,,,,,won,,,,,Dragon's Lair,,,,,,,,,,,,,,,,,,,,,,,,,,,,,,,,,,,,
One Hell of a Day,Quasar,faa56e7e-4b24-4fd5-a75c-6ef79a4b5f1e,,,,,,won,,,,,Another Perspective,,,,,,,,,,,,,,,,,,,,,,,,,,,,,,,,,,,,
One Hell of a Day,Legion,9b3ba1a6-e3b2-4966-a142-1ffa05002f97,,,,,,won,,,,,Panic Porcupine,,,,,,,,,,,,,,,,,,,,,,,,,,,,,,,,,,,,
One Hell of a Day,LoyalDeath,36cb85be-ab7b-4293-b7ac-c2920297eaa2,,,,,,won,,,,,Cycle 28,,,,,,,,,,,,,,,,,,,,,,,,,,,,,,,,,,,,
One Hell of a Day,Zelda,16e75bae-270a-48f0-abe9-5de4c81d3784,,,,,,won,,,,,ITTA,,,,,,,,,,,,,,,,,,,,,,,,,,,,,,,,,,,,
One Hell of a Day,Folkius,67bce20e-3306-4b83-8027-d6894d474740,,,,,,won,,,,,Tightrope Theater,,,,,,,,,,,,,,,,,,,,,,,,,,,,,,,,,,,,
One Hell of a Day,leaf,89a106f5-4c9b-4b81-be82-fb3d360bf654,,,,,,won,,,,,Wraithslayer,,,,,,,,,,,,,,,,,,,,,,,,,,,,,,,,,,,,
One Hell of a Day,Snifidy,ac8c598c-dfa7-45ca-853b-9ca7fa631284,,,,,,won,,,,,Singled Out,,,,,,,,,,,,,,,,,,,,,,,,,,,,,,,,,,,,
One Hell of a Day,thatguy.,aeeae58d-74f3-44be-8755-a277b2f85643,,,,,,won,,,,,Tightrope Theatre,,,,,,,,,,,,,,,,,,,,,,,,,,,,,,,,,,,,
One Hell of a Day,KingConn,5053c1de-d3cf-4c5e-92e8-ec90607cde11,,,,,,won,,,,,Heads Run,,,,,,,,,,,,,,,,,,,,,,,,,,,,,,,,,,,,
One Hell of a Day,Schmole,f79b9aa8-b7c1-43b9-95e3-c50c35120a22,,,,,,won,,,,,Almost There: The Platformer,,,,,,,,,,,,,,,,,,,,,,,,,,,,,,,,,,,,
One Hell of a Day,wantarou,eebbf608-18b4-4f40-9bbb-1c49b9c64fe0,,,,,,won,,,,,Super Chibi Knight,,,,,,,,,,,,,,,,,,,,,,,,,,,,,,,,,,,,
One Hell of a Day,Gyavenson,e8ee0fcb-031c-47ce-b941-d481b9c013c6,,,,,,won,,,,,Eat Colors,,,,,,,,,,,,,,,,,,,,,,,,,,,,,,,,,,,,
One Hell of a Day,emma,5d63666a-964c-45bb-be81-85510ed1f20c,,,,,,won,,,,,Thrill Penguin,,,,,,,,,,,,,,,,,,,,,,,,,,,,,,,,,,,,
One Hell of a Day,Sp1nz,38dd742d-e468-4a49-bcc7-6c1d72afd0b7,,,,,,won,,,,,Duke Dashington,,,,,,,,,,,,,,,,,,,,,,,,,,,,,,,,,,,,
One Hell of a Day,calypso,c0225edd-616c-4fdf-a1b4-35351bd8843f,,,,,,won,,,,,Head's Run,,,,,,,,,,,,,,,,,,,,,,,,,,,,,,,,,,,,
One Hell of a Day,NEX,f7700746-721b-4a58-a700-c047a84d7bfd,,,,,,won,,,,,Savant - Ascent,,,,,,,,,,,,,,,,,,,,,,,,,,,,,,,,,,,,
One Hell of a Day,andy,d7cb0869-5ed9-465c-87bf-0fb95aaebbd5,,,,,,won,,,,,GoNNER,,,,,,,,,,,,,,,,,,,,,,,,,,,,,,,,,,,,
One Hell of a Day,Vnednek,4659f544-8a37-4f90-8966-1175a220c30d,,,,,,won,,,,,SPROUT,,,,,,,,,,,,,,,,,,,,,,,,,,,,,,,,,,,,
One Hell of a Day,CraziiPanduh,c3375b74-d5d4-43b5-bffb-434917427071,,,,,,won,,,,,Pirate Pop Plus,,,,,,,,,,,,,,,,,,,,,,,,,,,,,,,,,,,,
One Hell of a Day,1Kick234,5d5518a1-fdee-426b-ae2d-6d9c22a8a941,,,,,,won,,,,,Super Dream Dasher,,,,,,,,,,,,,,,,,,,,,,,,,,,,,,,,,,,,
One Hell of a Day,FluffyFeLuca,5783e633-845c-4f2e-a753-847e50931ee2,,,,,,won,,,,,C-4,,,,,,,,,,,,,,,,,,,,,,,,,,,,,,,,,,,,
One Hell of a Day,UzzBuzz,9e83dc6b-9c6b-4949-9928-722636f749ab,,,,,,won,,,,,Super Hamster Ball,,,,,,,,,,,,,,,,,,,,,,,,,,,,,,,,,,,,
One Hell of a Day,cos65535,420d58f6-fa38-487f-ba11-011fba3ffdc4,,,,,,won,,,,,Eat Colors,,,,,,,,,,,,,,,,,,,,,,,,,,,,,,,,,,,,
One Hell of a Day,SomeMugger,422108a7-731d-49da-ad8c-4c605b1bb181,,,,,,won,,,,,Pixboy,,,,,,,,,,,,,,,,,,,,,,,,,,,,,,,,,,,,
One Hell of a Day,Mini1burger,ed7d5864-dc10-4e43-aa5e-4185d222c309,,,,,,won,,,,,Find You,,,,,,,,,,,,,,,,,,,,,,,,,,,,,,,,,,,,
One Hell of a Day,Natalie,75875716-9a2e-44c1-bca4-0ba3aeb7f927,,,,,,won,,,,,Mega Serval,,,,,,,,,,,,,,,,,,,,,,,,,,,,,,,,,,,,
One Hell of a Day,nemesis,4dd8b42d-29dd-4899-83d7-bfa032e5e47e,,,,,,won,,,,,Savant - Ascent,,,,,,,,,,,,,,,,,,,,,,,,,,,,,,,,,,,,
One Hell of a Day,Uribo,1dac4120-0b2d-4f93-8ad3-c7b971447837,,,,,,won,,,,,Prompt,,,,,,,,,,,,,,,,,,,,,,,,,,,,,,,,,,,,
One Hell of a Day,rajanb,4594b715-eeab-4bcf-a23c-11ba0737a8f9,,,,,,won,,,,,Heroine of the Sniper,,,,,,,,,,,,,,,,,,,,,,,,,,,,,,,,,,,,
One Hell of a Day,Joker,195fef73-7123-4e82-992f-7a808c7465bf,,,,,,won,,,,,Cosmophony,,,,,,,,,,,,,,,,,,,,,,,,,,,,,,,,,,,,
One Hell of a Day,shiba,65d7dfd9-20ce-4774-8463-ee11dae25e63,,,,,,won,,,,,Spingun,,,,,,,,,,,,,,,,,,,,,,,,,,,,,,,,,,,,
One Hell of a Day,Nuepiyoo,42eeb080-51e4-403d-9330-23dadd5d8e79,,,,,,won,,,,,Neon Boost,,,,,,,,,,,,,,,,,,,,,,,,,,,,,,,,,,,,
One Hell of a Day,Jarvis,df0a0319-c1be-4a22-9152-4267216832d1,,,,,,won,,,,,Burn It Down,,,,,,,,,,,,,,,,,,,,,,,,,,,,,,,,,,,,
One Hell of a Day,Jarvis,df0a0319-c1be-4a22-9152-4267216832d1,,,,,,won,,,,,RITE,,,,,,,,,,,,,,,,,,,,,,,,,,,,,,,,,,,,
One Hell of a Day,Breed,319f5820-b03e-4052-b737-259b0cd5c207,,,,,,won,,,,,Pivvot,,,,,,,,,,,,,,,,,,,,,,,,,,,,,,,,,,,,
One Hell of a Day,Zalolo,b10b609b-331b-4215-b208-23765ef43f86,,,,,,won,,,,,Heads Run,,,,,,,,,,,,,,,,,,,,,,,,,,,,,,,,,,,,
One Hell of a Day,Retsu,37a70c4a-4e33-43b2-95bb-4b4d0e447ba8,,,,,,won,,,,,Charge Kid,,,,,,,,,,,,,,,,,,,,,,,,,,,,,,,,,,,,
One Hell of a Day,kaley,46dbb820-fdcb-4485-a4b5-6184a9305362,,,,,,won,,,,,Neon Boost,,,,,,,,,,,,,,,,,,,,,,,,,,,,,,,,,,,,
One Hell of a Day,JayJay,63c6839c-ca09-45b2-af81-9cb4bb63b10b,,,,,,won,,,,,The Treehouse Man,,,,,,,,,,,,,,,,,,,,,,,,,,,,,,,,,,,,
One Hell of a Day,8Nirp,e21d3bc5-cf96-4cf2-a9f8-72080df0b937,,,,,,won,,,,,Pixboy,,,,,,,,,,,,,,,,,,,,,,,,,,,,,,,,,,,,
One Hell of a Day,Athena,e790e8f0-f67e-4646-8fa9-de436b2c8d5e,,,,,,won,,,,,Void Prison,,,,,,,,,,,,,,,,,,,,,,,,,,,,,,,,,,,,
One Hell of a Day,Cirpacha,5832186a-2fb1-478f-a3e3-67f8e632ce82,,,,,,won,,,,,Bananner Nababber,,,,,,,,,,,,,,,,,,,,,,,,,,,,,,,,,,,,
One Hell of a Day,Koolboom,75360635-954f-4422-aa80-2460ecda0bdf,,,,,,won,,,,,Milli & Greg,,,,,,,,,,,,,,,,,,,,,,,,,,,,,,,,,,,,
One Hell of a Day,Pralkarz,a3ff12e0-b942-407e-bff0-c0065d6c509d,,,,,,won,,,,,SPINGUN,,,,,,,,,,,,,,,,,,,,,,,,,,,,,,,,,,,,
One Hell of a Day,Crappy,0a1a1e34-1fac-49a5-ba7e-548d098cac85,,,,,,won,,,,,Aliens Go Home Run,,,,,,,,,,,,,,,,,,,,,,,,,,,,,,,,,,,,
One Hell of a Day,Rainbow,41c2aa33-c1c2-437d-a40b-c74d5dd64416,,,,,,won,,,,,Transpire,,,,,,,,,,,,,,,,,,,,,,,,,,,,,,,,,,,,
One Hell of a Day,Pig,c38b6dcc-ec69-45bc-b59c-68796a522f66,,,,,,won,,,,,VECTORLORD,,,,,,,,,,,,,,,,,,,,,,,,,,,,,,,,,,,,
One Hell of a Day,SUM10,e47db200-15af-48e1-819d-2742c7263648,,,,,,won,,,,,Heads Run,,,,,,,,,,,,,,,,,,,,,,,,,,,,,,,,,,,,
One Hell of a Day,Jonus,e32b2761-9ca3-4262-b3bb-81e87757f62e,,,,,,won,,,,,Burn It Down,,,,,,,,,,,,,,,,,,,,,,,,,,,,,,,,,,,,
One Hell of a Day,RanDoom,6e29c9e1-aeac-4156-b0a6-3032c9f3223a,,,,,,won,,,,,Tick Tack Puppet,,,,,,,,,,,,,,,,,,,,,,,,,,,,,,,,,,,,
One Hell of a Day,NiceStickman,e5c4c97a-b7c5-46f4-9a2c-a484d5ef255f,,,,,,won,,,,,Lorera,,,,,,,,,,,,,,,,,,,,,,,,,,,,,,,,,,,,
One Hell of a Day,tired,1538b2e3-ec4f-476f-8c88-39be21f8d79e,,,,,,won,,,,,Ducks Can Drive,,,,,,,,,,,,,,,,,,,,,,,,,,,,,,,,,,,,
One Hell of a Day,Ramia,992f86df-6327-47f7-ba0c-0212126c0aaf,,,,,,won,,,,,Heroine of the Sniper,,,,,,,,,,,,,,,,,,,,,,,,,,,,,,,,,,,,
One Hell of a Day,kiehi,bc54ac04-976e-4d7b-b24e-bfb52c6db0fa,,,,,,won,,,,,Gunborg: Dark Matters,,,,,,,,,,,,,,,,,,,,,,,,,,,,,,,,,,,,
One Hell of a Day,AkaraWA,c347141f-fb6c-4512-bc27-63292d943980,,,,,,won,,,,,Ducks Can Drive,,,,,,,,,,,,,,,,,,,,,,,,,,,,,,,,,,,,
One Hell of a Day,Owl,bb3759e6-8212-4e82-8de6-a94db63daf71,,,,,,won,,,,,Shipped,,,,,,,,,,,,,,,,,,,,,,,,,,,,,,,,,,,,
One Hell of a Day,Owl,bb3759e6-8212-4e82-8de6-a94db63daf71,,,,,,won,,,,,Heads Run,,,,,,,,,,,,,,,,,,,,,,,,,,,,,,,,,,,,
One Hell of a Day,The Russian Tanker,81227d6a-c059-41c5-b4a7-c9c134170a2c,,,,,,won,,,,,Bananner Nababber,,,,,,,,,,,,,,,,,,,,,,,,,,,,,,,,,,,,
One Hell of a Day,MrCooper,c9a67a56-2676-4874-ae81-7f991f414790,,,,,,won,,,,,Save the Reactor,,,,,,,,,,,,,,,,,,,,,,,,,,,,,,,,,,,,
One Hell of a Day,actor-river,171aeeb8-555c-41eb-b18d-49ea572b8061,,,,,,won,,,,,Savant - Ascent,,,,,,,,,,,,,,,,,,,,,,,,,,,,,,,,,,,,
One Hell of a Day,Ben,9eb48426-4d19-4278-9fae-e66fc3daecce,,,,,,won,,,,,Donut Dodo,,,,,,,,,,,,,,,,,,,,,,,,,,,,,,,,,,,,
One Hell of a Week,SomeMugger,422108a7-731d-49da-ad8c-4c605b1bb181,,,,,,won,,,,,Akane,Tadpole Treble,REVOLVER360 RE:ACTOR,High Hell,Overclocked,,,,,,,,,,,,,,,,,,,,,,,,,,,,,,,,
One Hell of a Week,Uzzbuzz,9e83dc6b-9c6b-4949-9928-722636f749ab,,,,,,won,,,,,Outbuddies,Sound Slide,Jet Buster,Desync,Salmon Ninja,,,,,,,,,,,,,,,,,,,,,,,,,,,,,,,,
One Hell of a Week,LoyalDeath,36cb85be-ab7b-4293-b7ac-c2920297eaa2,,,,,,won,,,,,Hotline Miami,Neo Neo,Godstrike,God Damn the Garden,1001 Spikes,,,,,,,,,,,,,,,,,,,,,,,,,,,,,,,,
One Hell of a Week,Legion,9b3ba1a6-e3b2-4966-a142-1ffa05002f97,,,,,,won,,,,,Dispersio 2,Dino Run DX,LinearShooter Remixed,A Story About My Uncle,Spectraball,,,,,,,,,,,,,,,,,,,,,,,,,,,,,,,,
One Hell of a Week,Wantarou,eebbf608-18b4-4f40-9bbb-1c49b9c64fe0,,,,,,won,,,,,Savant - Ascent,FutureGrind,Gunlocked,A Story About My Uncle,ALTF4,,,,,,,,,,,,,,,,,,,,,,,,,,,,,,,,
One Hell of a Week,Zelda,16e75bae-270a-48f0-abe9-5de4c81d3784,,,,,,won,,,,,Aggelos,oO,Prologue for a Vacant Kingdom,DeadCore,Heads Run,,,,,,,,,,,,,,,,,,,,,,,,,,,,,,,,
One Hell of a Week,CraziiPanduh,c3375b74-d5d4-43b5-bffb-434917427071,,,,,,won,,,,,Bananner Nababber,Spingun,Linear Shooter,Neon Boost,Inside My Radio,,,,,,,,,,,,,,,,,,,,,,,,,,,,,,,,
One Hell of a Week,Breed,319f5820-b03e-4052-b737-259b0cd5c207,,,,,,won,,,,,Anarcute,Getting Over It,Marimoth,Transpire,Garlic,,,,,,,,,,,,,,,,,,,,,,,,,,,,,,,,
One Hell of a Week,leaf,89a106f5-4c9b-4b81-be82-fb3d360bf654,,,,,,won,,,,,NInjin: Clash of Carrots,Aliens Go Home Run,Ellipsis,Pacify,LOVE,,,,,,,,,,,,,,,,,,,,,,,,,,,,,,,,
One Hell of a Week,Uribo,1dac4120-0b2d-4f93-8ad3-c7b971447837,,,,,,won,,,,,Mini Ghost,Neo Neo,Prologue for a Vacant Kingdom,Neon Boost,Ascent,,,,,,,,,,,,,,,,,,,,,,,,,,,,,,,,
One Hell of a Week,Natalie,75875716-9a2e-44c1-bca4-0ba3aeb7f927,,,,,,won,,,,,Apple Slash,Nights Into Dreams,Jet Buster,High Hell,"Quickly, Quackley!",,,,,,,,,,,,,,,,,,,,,,,,,,,,,,,,
One Hell of a Week,FluffFeLuca,5783e633-845c-4f2e-a753-847e50931ee2,,,,,,won,,,,,Akane,Tetradecagon,PuPaiPo Space Deluxe,Slender: the Arrival,Big Flappy Tower VS Tiny Square,,,,,,,,,,,,,,,,,,,,,,,,,,,,,,,,
One Hell of a Week,Folkius,67bce20e-3306-4b83-8027-d6894d474740,,,,,,won,,,,,Cybarian,Speed Limit,RefleX,Slender: the Arrival,Platformity,,,,,,,,,,,,,,,,,,,,,,,,,,,,,,,,
One Hell of a Week,ZALOLO,b10b609b-331b-4215-b208-23765ef43f86,,,,,,won,,,,,Mega Serval,Sullen,Void Prison,Alien Removal Division,Konrad the Rocket,,,,,,,,,,,,,,,,,,,,,,,,,,,,,,,,
One Hell of a Week,Kostucha,7c2c6d6b-ffc2-49c7-8c9c-26b8455eb26f,,,,,,won,,,,,Akane,Speed Limit,Blast Rush Classic,Neon Boost,Super Hamster Ball,,,,,,,,,,,,,,,,,,,,,,,,,,,,,,,,
One Hell of a Week,emma,5d63666a-964c-45bb-be81-85510ed1f20c,,,,,,won,,,,,Akane,Fortix,The Treehouse Man,High Hell,Exception,,,,,,,,,,,,,,,,,,,,,,,,,,,,,,,,
One Hell of a Week,Nuepiyoo,42eeb080-51e4-403d-9330-23dadd5d8e79,,,,,,won,,,,,Savant - Ascent,Getting Over It with Bennett Foddy,PuPaiPo Space Deluxe,Lovely Planet Arcade,Flem,,,,,,,,,,,,,,,,,,,,,,,,,,,,,,,,
One Hell of a Week,cos65535,420d58f6-fa38-487f-ba11-011fba3ffdc4,,,,,,won,,,,,Mega Serval,Duke Dashington,Ellipsis,Alien Removal Division,Pain Party,,,,,,,,,,,,,,,,,,,,,,,,,,,,,,,,
One Hell of a Week,Schmole,f79b9aa8-b7c1-43b9-95e3-c50c35120a22,,,,,,won,,,,,Akane,Peggle Extreme,#Snake2 DX: Reawakening,Alien Removal Division,One Gun Guy,,,,,,,,,,,,,,,,,,,,,,,,,,,,,,,,
One Hell of a Week,KingConn,5053c1de-d3cf-4c5e-92e8-ec90607cde11,,,,,,won,,,,,Bananner Nababber,Arcane Golf,Godstrike,Heroine of the Sniper,Darkour,,,,,,,,,,,,,,,,,,,,,,,,,,,,,,,,
One Hell of a Week,thatguy,aeeae58d-74f3-44be-8755-a277b2f85643,,,,,,won,,,,,Akane,Tetradecagon,Blazend,Transpire,System Purge,,,,,,,,,,,,,,,,,,,,,,,,,,,,,,,,
One Hell of a Week,Retsu,37a70c4a-4e33-43b2-95bb-4b4d0e447ba8,,,,,,won,,,,,Cybarian,MINICHEF,#Snake2 DX: Reawakening,Transpire,Another Perspective,,,,,,,,,,,,,,,,,,,,,,,,,,,,,,,,
One Hell of a Week,rajanb,4594b715-eeab-4bcf-a23c-11ba0737a8f9,,,,,,won,,,,,UBERMOSH:OMEGA,Flipon,Crucible,Alien Removal Division,Pixboy,,,,,,,,,,,,,,,,,,,,,,,,,,,,,,,,
One Hell of a Week,Cirpacha,5832186a-2fb1-478f-a3e3-67f8e632ce82,,,,,,won,,,,,Akane,Tile Tale,Crucible,INDUSTRIA,Burn It Down,,,,,,,,,,,,,,,,,,,,,,,,,,,,,,,,
One Hell of a Week,SUM10,e47db200-15af-48e1-819d-2742c7263648,,,,,,won,,,,,DEATHRUN TV,Evergarden,Rheum,God Damn The Garden,Darkour,,,,,,,,,,,,,,,,,,,,,,,,,,,,,,,,
One Hell of a Week,Tired,1538b2e3-ec4f-476f-8c88-39be21f8d79e,,,,,,won,,,,,Peggle Extreme,Sharpshooter Plus,Prologue for a Vacant Kingdom,High Hell,Big FLAPPY Tower VS Tiny Square,,,,,,,,,,,,,,,,,,,,,,,,,,,,,,,,
One Hell of a Week,AkaraWa,c347141f-fb6c-4512-bc27-63292d943980,,,,,,won,,,,,Lost Potato,Whackerball,Ellipsis,Superliminal,Dino Run DX,,,,,,,,,,,,,,,,,,,,,,,,,,,,,,,,
One Hell of a Month,Wantarou,eebbf608-18b4-4f40-9bbb-1c49b9c64fe0,,,,,,won,,,,,Cyjin,Drive!Drive!Drive!,LinearShooter,Alien Removal Division,Flem,Mini Ghost,sunny-place,Prologue for a Vacant Kingdom,God Damn the Garden,Kill the Plumber,Dispersio 2,Save the Reactor,Marimoth,Transpire,PanGEMic,Gunborg,Golfing Over It,Jet Buster,Slender: The Arrival,Burn it Down,Akane,Safety First!,Ellipsis,Heroine of the Sniper,Big Neon Tower vs. Tiny Square,,,,,,,,,,,,
One Hell of a Month,Uribo,1dac4120-0b2d-4f93-8ad3-c7b971447837,,,,,,won,,,,,Cyjin: The Cyborg Ninja,Dragon's Lair,Void Prison,Slender: The Arrival,Find You,Bananner Nababber,sunny-place,Marimoth,Spelldash,Big Flappy Tower vs Tiny Square,Wraithslayer,Golfing Over It,Vectorlord,Neon Boost,Another Perspective,UBERMOSH:OMEGA,FEWAR-DVD,Rheum,Alien Removal Division,Eat Colors,Dispersio 2,You Died but a Necromancer,LinearShooter,Heroine of the Sniper,Exception,,,,,,,,,,,,
One Hell of a Month,Folkius,67bce20e-3306-4b83-8027-d6894d474740,,,,,,won,,,,,UBERMOSH: OMEGA,DriveDriveDrive!,The Treehouse Man,Alien Removal Division,Micro Platformer,Alien Shooter,Singled Out,Vectorlord,God Damn the Garden,Heads Run,Gonner,FEWAR DVD,Snake2 DX Reawakening,Heroine of the Sniper,Flem,Dispersio 2,STAY,,Spelldash,Ascent,Bananner Nababber,Duke Dashington,,Transpire,Pixboy,,,,,,,,,,,,
One Hell of a Month,Zelda,16e75bae-270a-48f0-abe9-5de4c81d3784,,,,,,won,,,,,Cyjin: the Cyborg Ninja,Sprinter,Snake2 DX Reawakening,High Hell,Prompt,UBERMOSH: OMEGA,Save the Reactor,The Treehouse Man,Lovely Planet Arcade,Milli and Greg,Akane,Golfing Over It,Jet Buster,Heroine of the Sniper,Axolotl is Dry,Savant Ascent,FEWAR DVD,Blast Rush Classic,Alien Removal Division,Flem,Gonner,You Died but a Necromancer,LinearShooter,God Damn the Garden,140,,,,,,,,,,,,
One Hell of a Month,SomeMugger,422108a7-731d-49da-ad8c-4c605b1bb181,,,,,,won,,,,,Cybarian,Eggy,Blazend,Alien Removal Division,Salmon Ninja,Savant Ascent,Raven's Hike,Marimoth,God Damn the Garden,Thrill Penguin,Gonner,oO,Rheum,Slender the Arrival,Another Perspective,Dispersio 2,Pan Dimensional Congo Combat,RefleX,Spelldash,Darkour,Gunborg,DriveDriveDrive,The Treehouse Man,,PanGEMic,,,,,,,,,,,,
One Hell of a Month,Leaf,89a106f5-4c9b-4b81-be82-fb3d360bf654,,,,,,won,,,,,Mini Ghost,Crazy Taxi,The Treehouse Man,Lovely Planet Arcade,Exception,Gonner,Neo Neo,Jet Buster,Spelldash,Prompt,Cyjin: The Cyborg Ninja,Singled Out,Void Prison,Slender the Arrival,Miles & Kilo,Bananner Nababber,Crossing Guard Joe,LinearShooter,Alien Removal Division,LIMBO,Dispersio 2,BARRIER X,Escape From Terror City,God Damn the Garden,Pixboy,,,,,,,,,,,,
One Hell of a Month,Schmole,f79b9aa8-b7c1-43b9-95e3-c50c35120a22,,,,,,won,,,,,Wraithslayer,Split Bullet,Marimoth,Slender the Arrival,Quickly Quackley,Dispersio 2,You Died but a Necromancer,Escape From Terror City,Lovely Planet Arcade,Big Flappy Tower VS Tiny Square,UBERMOSH: OMEGA,Eggy,RefleX,Heroine of the Sniper,Squidlit,Bananner Nababber,Cosmophony,Blazend,High Hell,Ascent,Alien Shooter,STAY,Prologue for a Vacant Kingdom,Neon Boost,PanGEMic,,,,,,,,,,,,
One Hell of a Month,Legion,9b3ba1a6-e3b2-4966-a142-1ffa05002f97,,,,,,won,,,,,Mega Serval,Sullen,Marimoth,Alien Removal Division,Pain Party,Cybarian,Somos,Void Prison,Transpire,Exception,Savant Ascent,You Died but a Necromancer,Rheum,God Damn the Garden,Jubilee,Cyjin: the Cyborg Ninja,Safety First,Blast Rush Classic,Spelldash,Sprout,Apple Slash,Save the Reactor,RefleX,Lovely Planet Arcade,Salmon Ninja,,,,,,,,,,,,
One Hell of a Month,Kostucha,7c2c6d6b-ffc2-49c7-8c9c-26b8455eb26f,,,,,,won,,,,,Bananner Nababber,oO,The Treehouse Man,Transpire,System Purge,UBERMOSH: OMEGA,Sprinter,Prologue for a Vacant Kingdom,Slender the Arrival,Panic Porcupine,Destructivator 2,Raven's Hike,Snake2 DX Reawakening,High Hell,Find You,Dispersio 2,FEWAR DVD,LinearShooter,Alien Removal Division,Ascent,Alien Shooter,Split Bullet,Marimoth,Spelldash,Grapplewell,,,,,,,,,,,,
One Hell of a Month,Cos65535,420d58f6-fa38-487f-ba11-011fba3ffdc4,,,,,,won,,,,,Void Prison,Double Kick Heroes,Prologue for a Vacant Kingdom,Slender: The Arrival,Pushcat,Driven Out,SUPER FLAIL,RAIN Project,Clustertruck,Evergarden,Cybarian,SPLIT BULLET,Jet Buster,Spelldash,Fingered,Dizzy Rogues,No Parachute,The Adventures of Ten and Till,God Damn the Garden,Peggle Extreme,The Legend of Dark Witch,Safety First!,LinearShooter Remixed,Neon Boost,XANDO: Xtreme & Over the Top,,,,,,,,,,,,
One Hell of a Month,nuepiyoo,42eeb080-51e4-403d-9330-23dadd5d8e79,,,,,,won,,,,,SINNER: Sacrifice for Redemption,Untitled Goose Game,Rheum,Slender: The Arrival,Salmon Ninja,Driven Out,NEO NEO,Zenodyne R,Heroine of the Sniper,One Gun Guy,Void Prison,SUPER FLAIL,RefleX,High Hell,Get-A-Grip Chip,Akane,Flywrench,HyperDot,Cyber Hook,Tightrope Theatre,UBERMOSH:OMEGA,Minichef,Prologue for a Vacant Kingdom,God Damn the Garden,Chameleon Run Deluxe Edition,,,,,,,,,,,,
One Hell of a Month,Cirpacha,5832186a-2fb1-478f-a3e3-67f8e632ce82,,,,,,won,,,,,Cyjin: The Cyborg Ninja,Run Turn Die,PuPaiPo Space Deluxe,Alien Removal Division,Fingered,Gunborg: Dark Matters,C-4,Zenodeath,SPEEDRUNNER,A=B,Super Crate Box,Let's Worm,Escape from Terror City,SUFFER,Evergarden,SINNER,Pan-Dimensional Conga Combat,Rheum,Well...,Peggle Extreme,Apple Slash,Sharpshooter Plus,VECTORLORD,Welkin Road,Pushcat,,,,,,,,,,,,
One Hell of a Month,SUM10,e47db200-15af-48e1-819d-2742c7263648,,,,,,won,,,,,Exit the Gungeon,Sharpshooter Plus,Prologue for a Vacant Kingdom,KILLBUG,Axolotl is Dry,Toki,Flipon,Zenodeath,Neon Boost,I am Ball,Cybarian: The Time Travelling Warrior,Eggy,#Snake2 DX: Reawakening,SPEEDRUNNER,Milli & Greg,Driven Out,Raven's Hike,The Treehouse Man,High Hell,Lantern Bearer,Gunborg: Dark Matters,Pan-Dimensional Conga Combat,Escape from Terror City,Lovely Planet Arcade,Crumble,,,,,,,,,,,,
One Hell of a Month,AkaraWa,c347141f-fb6c-4512-bc27-63292d943980,,,,,,won,,,,,Punch A Bunch,Speed Limit,Devastator,Peggle Extreme,Charge Kid,Wraithslayer,Dragon's Lair,The Treehouse Man,A Healer Only Lives Twice,Super Hamster Ball,Toki,The Next Penelope,Crucible,XANDO: Xtreme & Over the Top,Thrill Penguin,Dispersio 2,FutureGrind,LinearShooter Remixed,Fingered,Cloud Escape,Mega Serval,Aliens Go Home Run,Zenodyne R,Tile Tale,Light Fall,,,,,,,,,,,,
One Hell of a Month,Leaf,89a106f5-4c9b-4b81-be82-fb3d360bf654,,,,,,won,,,,,A Healer Only Lives Twice,Sharpshooter Plus,sunny-place-2,Heroine of the Sniper,Super Hamster Ball,Fingered!,Cosmophony,VECTORLORD,Spectrolite,An Octonaut Oddysey,Peggle Extreme,Clutchball,Blazend,Well...,Lantern Bearer,Pushcat,Tadpole Treble,Beat Da Beat,One More Dungeon 2,Binaries,Evergarden,Neo Neo,PuPaiPo Space Deluxe,SPEEDRUNNER,Darkour,,,,,,,,,,,,
One Hell of a Month,leaf,89a106f5-4c9b-4b81-be82-fb3d360bf654,,,,,,won,,,,,Gunborg: Dark Matters,Radium,Marimoth,Metal: Hellsinger,Belle Boomerang,Mega Serval,The Paper Game,Blast Rush Classic,Well...,I am Ball,METAL SLUG,Sprinter,RefleX,Transpire,Milli & Greg,Swarm,DUNKYPUNG,The Treehouse Man,God Damn The Garden,Cloud Escape,Super Crate Box,Pirate Pop Plus,VECTORLORD,killbug,Defunct,,,,,,,,,,,,
One Hell of a Month,Kanra,10730cd6-fd4b-485d-ba32-6f8feb80fd40,,,,,,won,,,,,Death's Door,Singled Out,Devastator,TILE TALE,Axolotl is Dry,Cyjin: The Cyborg Ninja,Aliens Go Home Run,13 Seconds,XANDO: Xtreme & Over the Top,Eggy,Savant - Ascent,Flywrench,VECTORLORD,A Healer Only Lives Twice,Deneb: Across the Stars,B.I.O.T.A.,Pirate Pop Plus,A Way To Die,FIngered!,Belle Boomerang,Dizzy Rogues,SOMOS,Beat Da Beat,The Ouroboros King,One Gun Guy,,,,,,,,,,,,
Two Week T2 Streak,Legion,9b3ba1a6-e3b2-4966-a142-1ffa05002f97,,,,,,won,,,,,Lovely Planet Remix,Graceful Explosion Machine,,,,,,,,,,,,,,,,,,,,,,,,,,,,,,,,,,,
Two Week T2 Streak,Zelda,16e75bae-270a-48f0-abe9-5de4c81d3784,,,,,,won,,,,,Cloak & Dasher,Nex Machina,,,,,,,,,,,,,,,,,,,,,,,,,,,,,,,,,,,
Two Week T2 Streak,CraziiPanduh,c3375b74-d5d4-43b5-bffb-434917427071,,,,,,won,,,,,Heavy Bullets,Castlevania: Mirror of Fate,,,,,,,,,,,,,,,,,,,,,,,,,,,,,,,,,,,
Two Week T2 Streak,Folkius,67bce20e-3306-4b83-8027-d6894d474740,,,,,,won,,,,,Within the Blade,Kero Blaster,,,,,,,,,,,,,,,,,,,,,,,,,,,,,,,,,,,
Two Week T2 Streak,wantarou,eebbf608-18b4-4f40-9bbb-1c49b9c64fe0,,,,,,won,,,,,Hyper Light Drifter,Hayfever,,,,,,,,,,,,,,,,,,,,,,,,,,,,,,,,,,,
Two Week T2 Streak,Kostucha,7c2c6d6b-ffc2-49c7-8c9c-26b8455eb26f,,,,,,won,,,,,Dark Devotion,Hack or Die,,,,,,,,,,,,,,,,,,,,,,,,,,,,,,,,,,,
Two Week T2 Streak,ZALOLO,b10b609b-331b-4215-b208-23765ef43f86,,,,,,won,,,,,Zuma's Revenge,FOTONICA,,,,,,,,,,,,,,,,,,,,,,,,,,,,,,,,,,,
Two Week T2 Streak,Breed,319f5820-b03e-4052-b737-259b0cd5c207,,,,,,won,,,,,64,Last Command,,,,,,,,,,,,,,,,,,,,,,,,,,,,,,,,,,,
Two Week T2 Streak,Vnednek,4659f544-8a37-4f90-8966-1175a220c30d,,,,,,won,,,,,Dunkypung,Within the Blade,,,,,,,,,,,,,,,,,,,,,,,,,,,,,,,,,,,
Two Week T2 Streak,SomeMugger,422108a7-731d-49da-ad8c-4c605b1bb181,,,,,,won,,,,,Nowhere Patrol,Omnibus,,,,,,,,,,,,,,,,,,,,,,,,,,,,,,,,,,,
Two Week T2 Streak,Joker,195fef73-7123-4e82-992f-7a808c7465bf,,,,,,won,,,,,Rise & Shine,Run or Die,,,,,,,,,,,,,,,,,,,,,,,,,,,,,,,,,,,
Two Week T2 Streak,leaf,89a106f5-4c9b-4b81-be82-fb3d360bf654,,,,,,won,,,,,DROPSHIP,Typoman,,,,,,,,,,,,,,,,,,,,,,,,,,,,,,,,,,,
Two Week T2 Streak,Pralkarz,a3ff12e0-b942-407e-bff0-c0065d6c509d,,,,,,won,,,,,An Octonaut Odyssey,Cyber Hook,,,,,,,,,,,,,,,,,,,,,,,,,,,,,,,,,,,
Two Week T2 Streak,Nuepiyoo,42eeb080-51e4-403d-9330-23dadd5d8e79,,,,,,won,,,,,Waveland,Dig Dog,,,,,,,,,,,,,,,,,,,,,,,,,,,,,,,,,,,
Two Week T2 Streak,irrealis,fc7273ff-80fa-4f6e-b31a-ed2c018a43bf,,,,,,won,,,,,Last Command,Nowhere Patrol,,,,,,,,,,,,,,,,,,,,,,,,,,,,,,,,,,,
Two Week T2 Streak,Uribo,1dac4120-0b2d-4f93-8ad3-c7b971447837,,,,,,won,,,,,Rayze,Kero Blaster,,,,,,,,,,,,,,,,,,,,,,,,,,,,,,,,,,,
Two Week T2 Streak,Athena,e790e8f0-f67e-4646-8fa9-de436b2c8d5e,,,,,,won,,,,,Shu,Intravenous,,,,,,,,,,,,,,,,,,,,,,,,,,,,,,,,,,,
Two Week T2 Streak,Schmole,f79b9aa8-b7c1-43b9-95e3-c50c35120a22,,,,,,won,,,,,Action Henk,4X4,,,,,,,,,,,,,,,,,,,,,,,,,,,,,,,,,,,
Two Week T2 Streak,cos65535,420d58f6-fa38-487f-ba11-011fba3ffdc4,,,,,,won,,,,,Trace Vector,Electronic Super Joy,,,,,,,,,,,,,,,,,,,,,,,,,,,,,,,,,,,
Two Week T2 Streak,Natalie,75875716-9a2e-44c1-bca4-0ba3aeb7f927,,,,,,won,,,,,Shmups Skill Test,Within the blade,,,,,,,,,,,,,,,,,,,,,,,,,,,,,,,,,,,
Two Week T2 Streak,Cirpacha,5832186a-2fb1-478f-a3e3-67f8e632ce82,,,,,,won,,,,,Quantum Conundrum,Action Henk,,,,,,,,,,,,,,,,,,,,,,,,,,,,,,,,,,,
Two Week T2 Streak,Uzzbuzz,9e83dc6b-9c6b-4949-9928-722636f749ab,,,,,,won,,,,,Robbie Swifthand and the Orb of Mysteries,Supercharged Robot VULKAISER,,,,,,,,,,,,,,,,,,,,,,,,,,,,,,,,,,,
Two Week T2 Streak,SUM10,e47db200-15af-48e1-819d-2742c7263648,,,,,,won,,,,,OVERWHELM,Spitkiss,,,,,,,,,,,,,,,,,,,,,,,,,,,,,,,,,,,
Two Week T2 Streak,Jonus,e32b2761-9ca3-4262-b3bb-81e87757f62e,,,,,,won,,,,,Alwa's Awakening,Atomik: RunGunJumpGun,,,,,,,,,,,,,,,,,,,,,,,,,,,,,,,,,,,
Two Week T2 Streak,MrCooper,c9a67a56-2676-4874-ae81-7f991f414790,,,,,,won,,,,,Devil Spire,Innoquous 5,,,,,,,,,,,,,,,,,,,,,,,,,,,,,,,,,,,
"Two Two Week T2 Streak"" Streak""",Zelda,16e75bae-270a-48f0-abe9-5de4c81d3784,,,,,,won,,,,,E.Z,Deepest Sword,Danmaku Unlimited 2,Hotline Miami 2,,,,,,,,,,,,,,,,,,,,,,,,,,,,,,,,,
"Two Two Week T2 Streak"" Streak""",Nuepiyoo,42eeb080-51e4-403d-9330-23dadd5d8e79,,,,,,won,,,,,"You will die a lot buddy, trust me!",One Wheel Guy,Murasaki Tsurugi,Fotonica,,,,,,,,,,,,,,,,,,,,,,,,,,,,,,,,,
"Two Two Week T2 Streak"" Streak""",Wantarou,eebbf608-18b4-4f40-9bbb-1c49b9c64fe0,,,,,,won,,,,,Ziggurat,My Friend Pedro,Fist's Elmination Tower,Danmaku Unlimited 3,,,,,,,,,,,,,,,,,,,,,,,,,,,,,,,,,
"Two Two Week T2 Streak"" Streak""",Folkius,67bce20e-3306-4b83-8027-d6894d474740,,,,,,won,,,,,Super Multitasking,FOTONICA,Hack or Die,BIT.TRIP FATE,,,,,,,,,,,,,,,,,,,,,,,,,,,,,,,,,
"Two Two Week T2 Streak"" Streak""",Leaf,89a106f5-4c9b-4b81-be82-fb3d360bf654,,,,,,won,,,,,In Retrospect,Hyper Light Drifter,Typing of the Dead: Overkill,Quantum Conundrum,,,,,,,,,,,,,,,,,,,,,,,,,,,,,,,,,
"Two Two Week T2 Streak"" Streak""",Uribo,1dac4120-0b2d-4f93-8ad3-c7b971447837,,,,,,won,,,,,Zuma's Revenge,Ziggurat,My Friend Pedro,Shu,,,,,,,,,,,,,,,,,,,,,,,,,,,,,,,,,
"Two Two Week T2 Streak"" Streak""",Kostucha,7c2c6d6b-ffc2-49c7-8c9c-26b8455eb26f,,,,,,won,,,,,Race the Sun,BIT.TRIP RUNNER,Aka Manto | 赤マント,Hell is Other Demons,,,,,,,,,,,,,,,,,,,,,,,,,,,,,,,,,
"Two Two Week T2 Streak"" Streak""",Cos65535,420d58f6-fa38-487f-ba11-011fba3ffdc4,,,,,,won,,,,,Circa Infinity,BIT.TRIP RUNNER,Just Shapes & Beats,Hard Reset Extended Edition,,,,,,,,,,,,,,,,,,,,,,,,,,,,,,,,,
"Two Two Week T2 Streak"" Streak""",Cirpacha,5832186a-2fb1-478f-a3e3-67f8e632ce82,,,,,,won,,,,,Nowhere Patrol,Umbral Omen,Hack or Die!,The Textorcist: The Story of Ray Bibbia,,,,,,,,,,,,,,,,,,,,,,,,,,,,,,,,,
Never Lucky,Kostucha,7c2c6d6b-ffc2-49c7-8c9c-26b8455eb26f,,,,,,won,,,,,Will You Snail,,,,,,,,,,,,,,,,,,,,,,,,,,,,,,,,,,,,
Never Lucky,Folkius,67bce20e-3306-4b83-8027-d6894d474740,,,,,,won,,,,,Neon White,,,,,,,,,,,,,,,,,,,,,,,,,,,,,,,,,,,,
Never Lucky,JayJay,63c6839c-ca09-45b2-af81-9cb4bb63b10b,,,,,,won,,,,,Murasaki,,,,,,,,,,,,,,,,,,,,,,,,,,,,,,,,,,,,
Never Lucky,Legion,9b3ba1a6-e3b2-4966-a142-1ffa05002f97,,,,,,won,,,,,Steamworld Heist,,,,,,,,,,,,,,,,,,,,,,,,,,,,,,,,,,,,
Never Lucky,Natalie,75875716-9a2e-44c1-bca4-0ba3aeb7f927,,,,,,won,,,,,Ori and the Blind Forest,,,,,,,,,,,,,,,,,,,,,,,,,,,,,,,,,,,,
Never Lucky,1Kick234,5d5518a1-fdee-426b-ae2d-6d9c22a8a941,,,,,,won,,,,,Equaline,,,,,,,,,,,,,,,,,,,,,,,,,,,,,,,,,,,,
Never Lucky,Leaf,89a106f5-4c9b-4b81-be82-fb3d360bf654,,,,,,won,,,,,Wrack,,,,,,,,,,,,,,,,,,,,,,,,,,,,,,,,,,,,
Never Lucky,wantarou,eebbf608-18b4-4f40-9bbb-1c49b9c64fe0,,,,,,won,,,,,Starstruck: Prologue,,,,,,,,,,,,,,,,,,,,,,,,,,,,,,,,,,,,
Never Lucky,ZALOLO,b10b609b-331b-4215-b208-23765ef43f86,,,,,,won,,,,,Plug me,,,,,,,,,,,,,,,,,,,,,,,,,,,,,,,,,,,,
Never Lucky,8Nirp,e21d3bc5-cf96-4cf2-a9f8-72080df0b937,,,,,,won,,,,,LOST EGG 2: Be Together,,,,,,,,,,,,,,,,,,,,,,,,,,,,,,,,,,,,
Never Lucky,thatguy.,aeeae58d-74f3-44be-8755-a277b2f85643,,,,,,won,,,,,Furi,,,,,,,,,,,,,,,,,,,,,,,,,,,,,,,,,,,,
Never Lucky,Uribo,1dac4120-0b2d-4f93-8ad3-c7b971447837,,,,,,won,,,,,All Day Dying,,,,,,,,,,,,,,,,,,,,,,,,,,,,,,,,,,,,
Never Lucky,Schmole,f79b9aa8-b7c1-43b9-95e3-c50c35120a22,,,,,,won,,,,,Boomerang X,,,,,,,,,,,,,,,,,,,,,,,,,,,,,,,,,,,,
Never Lucky,Schmole,f79b9aa8-b7c1-43b9-95e3-c50c35120a22,,,,,,won,,,,,Overpass,,,,,,,,,,,,,,,,,,,,,,,,,,,,,,,,,,,,
Never Lucky,Breed,319f5820-b03e-4052-b737-259b0cd5c207,,,,,,won,,,,,Furi,,,,,,,,,,,,,,,,,,,,,,,,,,,,,,,,,,,,
Never Lucky,emma,5d63666a-964c-45bb-be81-85510ed1f20c,,,,,,won,,,,,Duck Game,,,,,,,,,,,,,,,,,,,,,,,,,,,,,,,,,,,,
Never Lucky,Blizzy,d8503a78-4447-4a5c-865d-84f239f768e3,,,,,,won,,,,,Steamworld Heist,,,,,,,,,,,,,,,,,,,,,,,,,,,,,,,,,,,,
Never Lucky,Shiny,371b35d4-bec4-4844-b13a-2a4c215fbaa7,,,,,,won,,,,,Cursed Castilla,,,,,,,,,,,,,,,,,,,,,,,,,,,,,,,,,,,,
Never Lucky,Zelda,16e75bae-270a-48f0-abe9-5de4c81d3784,,,,,,won,,,,,One Step From Eden,,,,,,,,,,,,,,,,,,,,,,,,,,,,,,,,,,,,
Never Lucky,Snifidy,ac8c598c-dfa7-45ca-853b-9ca7fa631284,,,,,,won,,,,,RIVE,,,,,,,,,,,,,,,,,,,,,,,,,,,,,,,,,,,,
Never Lucky,Gaphodil,1314be46-1dcc-426a-b1b8-d3069ce8e337,,,,,,won,,,,,"Cook, Serve, Delicious 2",,,,,,,,,,,,,,,,,,,,,,,,,,,,,,,,,,,,
Never Lucky,Apollo.,835afaad-0059-4e39-b24f-24b2c76b1d08,,,,,,won,,,,,Buck Up and Drive,,,,,,,,,,,,,,,,,,,,,,,,,,,,,,,,,,,,
Never Lucky,Nihen,8d5cb79b-3758-4491-b9ba-cc27cb4bce88,,,,,,won,,,,,Skul the Hero Slayer,,,,,,,,,,,,,,,,,,,,,,,,,,,,,,,,,,,,
Never Lucky,Nihen,8d5cb79b-3758-4491-b9ba-cc27cb4bce88,,,,,,won,,,,,Ori and the Will of the Wisps,,,,,,,,,,,,,,,,,,,,,,,,,,,,,,,,,,,,
Never Lucky,Joker,195fef73-7123-4e82-992f-7a808c7465bf,,,,,,won,,,,,BPM: BULLETS PER MINUTE,,,,,,,,,,,,,,,,,,,,,,,,,,,,,,,,,,,,
Never Lucky,rajanb,4594b715-eeab-4bcf-a23c-11ba0737a8f9,,,,,,won,,,,,Duck Game,,,,,,,,,,,,,,,,,,,,,,,,,,,,,,,,,,,,
Never Lucky,cos65535,420d58f6-fa38-487f-ba11-011fba3ffdc4,,,,,,won,,,,,Jigoku Kisetsukan: Sense of the Seasons,,,,,,,,,,,,,,,,,,,,,,,,,,,,,,,,,,,,
Never Lucky,Nuepiyoo,42eeb080-51e4-403d-9330-23dadd5d8e79,,,,,,won,,,,,Q - A Neon Platformer,,,,,,,,,,,,,,,,,,,,,,,,,,,,,,,,,,,,
Never Lucky,Cirpacha,5832186a-2fb1-478f-a3e3-67f8e632ce82,,,,,,won,,,,,Reverse X Reverse,,,,,,,,,,,,,,,,,,,,,,,,,,,,,,,,,,,,
Never Lucky,SUM10,e47db200-15af-48e1-819d-2742c7263648,,,,,,won,,,,,Super Magbot,,,,,,,,,,,,,,,,,,,,,,,,,,,,,,,,,,,,
Never Lucky,kiehi,bc54ac04-976e-4d7b-b24e-bfb52c6db0fa,,,,,,won,,,,,Happiness Drops!,,,,,,,,,,,,,,,,,,,,,,,,,,,,,,,,,,,,
Never Lucky,Uzzbuzz,9e83dc6b-9c6b-4949-9928-722636f749ab,,,,,,won,,,,,Hopiko,,,,,,,,,,,,,,,,,,,,,,,,,,,,,,,,,,,,
Never Lucky,Ramia,992f86df-6327-47f7-ba0c-0212126c0aaf,,,,,,won,,,,,Pizza Tower,,,,,,,,,,,,,,,,,,,,,,,,,,,,,,,,,,,,
Never Lucky,Ramia,992f86df-6327-47f7-ba0c-0212126c0aaf,,,,,,won,,,,,Touhou Kikamu - Elegant Impermanence of Sakura,,,,,,,,,,,,,,,,,,,,,,,,,,,,,,,,,,,,
Never Lucky,KingConn,5053c1de-d3cf-4c5e-92e8-ec90607cde11,,,,,,won,,,,,Bleed,,,,,,,,,,,,,,,,,,,,,,,,,,,,,,,,,,,,
Never Lucky,Kebarvu,f51c7511-e286-454f-93b0-2a4c48784278,,,,,,won,,,,,Disc Room,,,,,,,,,,,,,,,,,,,,,,,,,,,,,,,,,,,,
Never Lucky,Rynoop,56af7164-6fd0-4f12-abaa-c347d57448fe,,,,,,won,,,,,Boomerang X,,,,,,,,,,,,,,,,,,,,,,,,,,,,,,,,,,,,
Never Lucky,oatmeal,a2e5c171-b85f-41af-b4b1-0db99a76f290,,,,,,won,,,,,Hextech Mayhem,,,,,,,,,,,,,,,,,,,,,,,,,,,,,,,,,,,,
Triple Threat,Natalie,75875716-9a2e-44c1-bca4-0ba3aeb7f927,,,,,,won,,,,,Umihara Kawase Shun,Hoppup!,Super Magbot,,,,,,,,,,,,,,,,,,,,,,,,,,,,,,,,,,
Triple Threat,Leaf,89a106f5-4c9b-4b81-be82-fb3d360bf654,,,,,,won,,,,,Aim Climb,Drink More Glurp,Hyperun,,,,,,,,,,,,,,,,,,,,,,,,,,,,,,,,,,
Triple Threat,ZALOLO,b10b609b-331b-4215-b208-23765ef43f86,,,,,,won,,,,,Hellsinker,Maiden and Spell,ALLTYNEX Second,,,,,,,,,,,,,,,,,,,,,,,,,,,,,,,,,,
Triple Threat,Wantarou,eebbf608-18b4-4f40-9bbb-1c49b9c64fe0,,,,,,won,,,,,Mute Crimson+,Will You Snail?,Q - A Neon Platformer,,,,,,,,,,,,,,,,,,,,,,,,,,,,,,,,,,
Triple Threat,Breed,319f5820-b03e-4052-b737-259b0cd5c207,,,,,,won,,,,,Yooka Laylee & Impossible Lair,Super Magbot,Ori and the Blind Forest,,,,,,,,,,,,,,,,,,,,,,,,,,,,,,,,,,
Triple Threat,Uribo,1dac4120-0b2d-4f93-8ad3-c7b971447837,,,,,,won,,,,,Eryi's Action,Sockventure,Q - A Neon Platformer,,,,,,,,,,,,,,,,,,,,,,,,,,,,,,,,,,
Triple Threat,Folkius,67bce20e-3306-4b83-8027-d6894d474740,,,,,,won,,,,,ALLTYNEX Second,Murasaki,Like Dreamer,,,,,,,,,,,,,,,,,,,,,,,,,,,,,,,,,,
Triple Threat,Zelda,16e75bae-270a-48f0-abe9-5de4c81d3784,,,,,,won,,,,,Super Lumi Live,Ori and the Blind Forest,Eryi's Action,,,,,,,,,,,,,,,,,,,,,,,,,,,,,,,,,,
Triple Threat,cos65535,420d58f6-fa38-487f-ba11-011fba3ffdc4,,,,,,won,,,,,PAWARUMI,Hellsinker,DANMAKAI: Red Forbidden Fruit,,,,,,,,,,,,,,,,,,,,,,,,,,,,,,,,,,
Triple Threat,Nuepiyoo,42eeb080-51e4-403d-9330-23dadd5d8e79,,,,,,won,,,,,Ori and the Blind Forest,Bouncing Hero,Pizza Tower,,,,,,,,,,,,,,,,,,,,,,,,,,,,,,,,,,
Triple Threat,Kostucha,7c2c6d6b-ffc2-49c7-8c9c-26b8455eb26f,,,,,,won,,,,,Eryi's Action,Hoppup!,Ori and the Blind Forest: Definitive Edition,,,,,,,,,,,,,,,,,,,,,,,,,,,,,,,,,,
Triple Threat,Legion,9b3ba1a6-e3b2-4966-a142-1ffa05002f97,,,,,,won,,,,,PAWARUMI,Touhou Shinreibyou - Ten Desires.,DANMAKAI: Red Forbidden Fruit,,,,,,,,,,,,,,,,,,,,,,,,,,,,,,,,,,
Triple Threat,SUM10,e47db200-15af-48e1-819d-2742c7263648,,,,,,won,,,,,BETON BRUTAL,Primordial Pain,Shadow Corridor,,,,,,,,,,,,,,,,,,,,,,,,,,,,,,,,,,
Let Fate Decide,Kaley,46dbb820-fdcb-4485-a4b5-6184a9305362,,,,,,won,,,,,Bunny Hop League,,,,,,,,,,,,,,,,,,,,,,,,,,,,,,,,,,,,
Let Fate Decide,ZALOLO,b10b609b-331b-4215-b208-23765ef43f86,,,,,,won,,,,,Blue Revolver,,,,,,,,,,,,,,,,,,,,,,,,,,,,,,,,,,,,
Let Fate Decide,ZALOLO,b10b609b-331b-4215-b208-23765ef43f86,,,,,,won,,,,,"Invisible, inc.",,,,,,,,,,,,,,,,,,,,,,,,,,,,,,,,,,,,
Let Fate Decide,ZALOLO,b10b609b-331b-4215-b208-23765ef43f86,,,,,,won,,,,,Brutal Orchestra,,,,,,,,,,,,,,,,,,,,,,,,,,,,,,,,,,,,
Let Fate Decide,Gyavenson,e8ee0fcb-031c-47ce-b941-d481b9c013c6,,,,,,won,,,,,Trials 2: Second Edition,,,,,,,,,,,,,,,,,,,,,,,,,,,,,,,,,,,,
Let Fate Decide,Nuepiyoo,42eeb080-51e4-403d-9330-23dadd5d8e79,,,,,,won,,,,,Rhythm Journey,,,,,,,,,,,,,,,,,,,,,,,,,,,,,,,,,,,,
Let Fate Decide,Quasar,faa56e7e-4b24-4fd5-a75c-6ef79a4b5f1e,,,,,,won,,,,,DEADBOLT,,,,,,,,,,,,,,,,,,,,,,,,,,,,,,,,,,,,
Let Fate Decide,Bladier,4de96a99-fc58-46d1-947e-1fb42261f439,,,,,,won,,,,,Yooka-Laylee and the Impossible Lair,,,,,,,,,,,,,,,,,,,,,,,,,,,,,,,,,,,,
Let Fate Decide,Wantarou,eebbf608-18b4-4f40-9bbb-1c49b9c64fe0,,,,,,won,,,,,DEAD,,,,,,,,,,,,,,,,,,,,,,,,,,,,,,,,,,,,
Let Fate Decide,Wantarou,eebbf608-18b4-4f40-9bbb-1c49b9c64fe0,,,,,,won,,,,,Rotund Rebound,,,,,,,,,,,,,,,,,,,,,,,,,,,,,,,,,,,,
Let Fate Decide,Wantarou,eebbf608-18b4-4f40-9bbb-1c49b9c64fe0,,,,,,won,,,,,Super Meat Boy Forever,,,,,,,,,,,,,,,,,,,,,,,,,,,,,,,,,,,,
Let Fate Decide,Legion,9b3ba1a6-e3b2-4966-a142-1ffa05002f97,,,,,,won,,,,,Rabi-Ribi,,,,,,,,,,,,,,,,,,,,,,,,,,,,,,,,,,,,
Let Fate Decide,Legion,9b3ba1a6-e3b2-4966-a142-1ffa05002f97,,,,,,won,,,,,Brutal Orchestra,,,,,,,,,,,,,,,,,,,,,,,,,,,,,,,,,,,,
Let Fate Decide,Tettrum,2ff757f3-6526-46fb-9e35-6eb2cd21cf38,,,,,,won,,,,,Extricate,,,,,,,,,,,,,,,,,,,,,,,,,,,,,,,,,,,,
Let Fate Decide,Kostucha,7c2c6d6b-ffc2-49c7-8c9c-26b8455eb26f,,,,,,won,,,,,Necrosphere Deluxe,,,,,,,,,,,,,,,,,,,,,,,,,,,,,,,,,,,,
Let Fate Decide,Kostucha,7c2c6d6b-ffc2-49c7-8c9c-26b8455eb26f,,,,,,won,,,,,Phantom Jump,,,,,,,,,,,,,,,,,,,,,,,,,,,,,,,,,,,,
Let Fate Decide,ぎょーざ,750a204e-f26f-4c44-a0bc-1b244d849c0f,,,,,,won,,,,,Yooka-Laylee and the Impossible Lair,,,,,,,,,,,,,,,,,,,,,,,,,,,,,,,,,,,,
Let Fate Decide,thatguy.,aeeae58d-74f3-44be-8755-a277b2f85643,,,,,,won,,,,,Wolfenstein II: The New Colossus,,,,,,,,,,,,,,,,,,,,,,,,,,,,,,,,,,,,
Let Fate Decide,Leaf,89a106f5-4c9b-4b81-be82-fb3d360bf654,,,,,,won,,,,,Necrosphere Deluxe,,,,,,,,,,,,,,,,,,,,,,,,,,,,,,,,,,,,
Let Fate Decide,Jarvis,df0a0319-c1be-4a22-9152-4267216832d1,,,,,,won,,,,,Yooka-Laylee and the Impossible Lair,,,,,,,,,,,,,,,,,,,,,,,,,,,,,,,,,,,,
Let Fate Decide,MrCooper,c9a67a56-2676-4874-ae81-7f991f414790,,,,,,won,,,,,Stickit,,,,,,,,,,,,,,,,,,,,,,,,,,,,,,,,,,,,
Let Fate Decide,Folkius,67bce20e-3306-4b83-8027-d6894d474740,,,,,,won,,,,,Ikaruga,,,,,,,,,,,,,,,,,,,,,,,,,,,,,,,,,,,,
Let Fate Decide,Folkius,67bce20e-3306-4b83-8027-d6894d474740,,,,,,won,,,,,Hitogata Happa,,,,,,,,,,,,,,,,,,,,,,,,,,,,,,,,,,,,
Let Fate Decide,Nihen,8d5cb79b-3758-4491-b9ba-cc27cb4bce88,,,,,,won,,,,,Scoot Kaboom and the Tomb of Doom,,,,,,,,,,,,,,,,,,,,,,,,,,,,,,,,,,,,
Let Fate Decide,cos65535,420d58f6-fa38-487f-ba11-011fba3ffdc4,,,,,,won,,,,,Equaline,,,,,,,,,,,,,,,,,,,,,,,,,,,,,,,,,,,,
Let Fate Decide,Retsu,37a70c4a-4e33-43b2-95bb-4b4d0e447ba8,,,,,,won,,,,,Necrosphere,,,,,,,,,,,,,,,,,,,,,,,,,,,,,,,,,,,,
Let Fate Decide,Retsu,37a70c4a-4e33-43b2-95bb-4b4d0e447ba8,,,,,,won,,,,,Disc Room,,,,,,,,,,,,,,,,,,,,,,,,,,,,,,,,,,,,
Let Fate Decide,KingConn,5053c1de-d3cf-4c5e-92e8-ec90607cde11,,,,,,won,,,,,Super Meat Boy,,,,,,,,,,,,,,,,,,,,,,,,,,,,,,,,,,,,
Let Fate Decide,Breed,319f5820-b03e-4052-b737-259b0cd5c207,,,,,,won,,,,,DEADBOLT,,,,,,,,,,,,,,,,,,,,,,,,,,,,,,,,,,,,
Let Fate Decide,Zelda,16e75bae-270a-48f0-abe9-5de4c81d3784,,,,,,won,,,,,Splasher,,,,,,,,,,,,,,,,,,,,,,,,,,,,,,,,,,,,
Let Fate Decide,Zelda,16e75bae-270a-48f0-abe9-5de4c81d3784,,,,,,won,,,,,Rotund Rebound,,,,,,,,,,,,,,,,,,,,,,,,,,,,,,,,,,,,
Let Fate Decide,Zelda,16e75bae-270a-48f0-abe9-5de4c81d3784,,,,,,won,,,,,Rabi-Ribi,,,,,,,,,,,,,,,,,,,,,,,,,,,,,,,,,,,,
Let Fate Decide,Ramia,992f86df-6327-47f7-ba0c-0212126c0aaf,,,,,,won,,,,,∀kashicverse -Malicious Wake-,,,,,,,,,,,,,,,,,,,,,,,,,,,,,,,,,,,,
Let Fate Decide,Koolboom,75360635-954f-4422-aa80-2460ecda0bdf,,,,,,won,,,,,Splasher,,,,,,,,,,,,,,,,,,,,,,,,,,,,,,,,,,,,
Let Fate Decide,Natalie,75875716-9a2e-44c1-bca4-0ba3aeb7f927,,,,,,won,,,,,Phantom Jump,,,,,,,,,,,,,,,,,,,,,,,,,,,,,,,,,,,,
Let Fate Decide,Natalie,75875716-9a2e-44c1-bca4-0ba3aeb7f927,,,,,,won,,,,,Sunblaze,,,,,,,,,,,,,,,,,,,,,,,,,,,,,,,,,,,,
Let Fate Decide,Nihen,8d5cb79b-3758-4491-b9ba-cc27cb4bce88,,,,,,won,,,,,Splasher,,,,,,,,,,,,,,,,,,,,,,,,,,,,,,,,,,,,
Let Fate Decide,1Kick234,5d5518a1-fdee-426b-ae2d-6d9c22a8a941,,,,,,won,,,,,Avoid - Sensory Overload,,,,,,,,,,,,,,,,,,,,,,,,,,,,,,,,,,,,
Let Fate Decide,Cirpacha,5832186a-2fb1-478f-a3e3-67f8e632ce82,,,,,,won,,,,,Scoot Kaboom and the Tomb of Doom,,,,,,,,,,,,,,,,,,,,,,,,,,,,,,,,,,,,
Let Fate Decide,Cirpacha,5832186a-2fb1-478f-a3e3-67f8e632ce82,,,,,,won,,,,,Giana Sisters: Twisted Dreams,,,,,,,,,,,,,,,,,,,,,,,,,,,,,,,,,,,,
Let Fate Decide,actor-river,171aeeb8-555c-41eb-b18d-49ea572b8061,,,,,,won,,,,,Vault of the Void,,,,,,,,,,,,,,,,,,,,,,,,,,,,,,,,,,,,
Let Fate Decide,Owl,bb3759e6-8212-4e82-8de6-a94db63daf71,,,,,,won,,,,,Slay the Spire,,,,,,,,,,,,,,,,,,,,,,,,,,,,,,,,,,,,
Let Fate Decide,kiehi,bc54ac04-976e-4d7b-b24e-bfb52c6db0fa,,,,,,won,,,,,Thumper,,,,,,,,,,,,,,,,,,,,,,,,,,,,,,,,,,,,
Let Fate Decide,Schmole,f79b9aa8-b7c1-43b9-95e3-c50c35120a22,,,,,,won,,,,,Scoot Kaboom and the Tower of Doom,,,,,,,,,,,,,,,,,,,,,,,,,,,,,,,,,,,,
Let Fate Decide,Schmole,f79b9aa8-b7c1-43b9-95e3-c50c35120a22,,,,,,won,,,,,One Finger Death Punch,,,,,,,,,,,,,,,,,,,,,,,,,,,,,,,,,,,,
Let Fate Decide,Jayjay,63c6839c-ca09-45b2-af81-9cb4bb63b10b,,,,,,won,,,,,Monster Train,,,,,,,,,,,,,,,,,,,,,,,,,,,,,,,,,,,,
Let Fate Decide,SUM10,e47db200-15af-48e1-819d-2742c7263648,,,,,,won,,,,,Stickit,,,,,,,,,,,,,,,,,,,,,,,,,,,,,,,,,,,,
Let Fate Decide,Kanra,10730cd6-fd4b-485d-ba32-6f8feb80fd40,,,,,,won,,,,,Riptale,,,,,,,,,,,,,,,,,,,,,,,,,,,,,,,,,,,,
Let Fate Decide,Uzzbuzz,9e83dc6b-9c6b-4949-9928-722636f749ab,,,,,,won,,,,,Super Meat Boy Forever,,,,,,,,,,,,,,,,,,,,,,,,,,,,,,,,,,,,
Fourward Thinking,Wantarou,eebbf608-18b4-4f40-9bbb-1c49b9c64fe0,,,,,,won,0.0,,,,Iwate Mountain Dance,Astrodogs,Bleed,Angry Video Game Nerd Adventures,,,,,,,,,,,,,,,,,,,,,,,,,,,,,,,,,
Fourward Thinking,Legion,9b3ba1a6-e3b2-4966-a142-1ffa05002f97,,,,,,won,0.0,,,,Russian Subway Dogs,Cloak and Dasher,ALLTYNEX Second,Gurumin: A Monstrous Adventure,,,,,,,,,,,,,,,,,,,,,,,,,,,,,,,,,
Fourward Thinking,Leaf,89a106f5-4c9b-4b81-be82-fb3d360bf654,,,,,,won,0.0,,,,#Snake2 DX: Reawakening,Alwa's Awakening,One Step From Eden,Riptale,,,,,,,,,,,,,,,,,,,,,,,,,,,,,,,,,
Fourward Thinking,Nuepiyoo,42eeb080-51e4-403d-9330-23dadd5d8e79,,,,,,won,0.0,,,,The Treehouse Man,Super Multitasking,Colt Canyon,Splasher,,,,,,,,,,,,,,,,,,,,,,,,,,,,,,,,,
Fourward Thinking,cos65535,420d58f6-fa38-487f-ba11-011fba3ffdc4,,,,,,won,0.0,,,,Deneb,Lovely Planet 2,Bouncing Hero,Crashlands,,,,,,,,,,,,,,,,,,,,,,,,,,,,,,,,,
Fourward Thinking,Kostucha,7c2c6d6b-ffc2-49c7-8c9c-26b8455eb26f,,,,,,won,0.0,,,,Lovely Planet Arcade,Tricky Towers,They Bleed Pixels,Scoot Kaboom and the Tomb of Doom,,,,,,,,,,,,,,,,,,,,,,,,,,,,,,,,,
Fourward Thinking,Zelda,16e75bae-270a-48f0-abe9-5de4c81d3784,,,,,,won,0.0,,,,ASTRONAUTILUS,Steamworld Dig 2,Furi,Rotund Rebound,,,,,,,,,,,,,,,,,,,,,,,,,,,,,,,,,
Fourward Thinking,Folkius,67bce20e-3306-4b83-8027-d6894d474740,,,,,,won,1.0,,,,Panic Porcupine,Rhythm Sprout,Midnight Fight Express,Hitogata Happa,,,,,,,,,,,,,,,,,,,,,,,,,,,,,,,,,
Fourward Thinking,Cirpacha,5832186a-2fb1-478f-a3e3-67f8e632ce82,,,,,,won,1.0,,,,Zenodeath,Velocibox,Bleed,Rotund Rebound,,,,,,,,,,,,,,,,,,,,,,,,,,,,,,,,,
Fourward Thinking,SUM10,e47db200-15af-48e1-819d-2742c7263648,,,,,,won,0.0,,,,PUSS!,Fist's Elimination Tower,Peggle Nights,Fantastic Danmaku Festival II,,,,,,,,,,,,,,,,,,,,,,,,,,,,,,,,,
Destiny Alignment,Schmole,f79b9aa8-b7c1-43b9-95e3-c50c35120a22,Uzzbuzz,9e83dc6b-9c6b-4949-9928-722636f749ab,,,,won,,,,,Duke Dashington,Sonic All Stars Racing Transformed,,,,,,,,,,,,,,,,,,,,,,,,,,,,,,,,,,,
Destiny Alignment,Loyal,36cb85be-ab7b-4293-b7ac-c2920297eaa2,Natalie,75875716-9a2e-44c1-bca4-0ba3aeb7f927,,,,won,,,,,Gunborg,Singled Out,,,,,,,,,,,,,,,,,,,,,,,,,,,,,,,,,,,
Destiny Alignment,Folkius,67bce20e-3306-4b83-8027-d6894d474740,Sr. Douglas,ae791c2c-8946-495b-83a5-01fcc963f89e,,,,won,,,,,SUPERHOT,Danmaku Unlimited 3,,,,,,,,,,,,,,,,,,,,,,,,,,,,,,,,,,,
Destiny Alignment,Lake,fb0eea6e-8b3a-482f-962a-28ab2762dce9,mbed,2ae3c150-b450-4173-b7ca-ed33d3ff4d4e,,,,won,,,,,pureya,Keep Talking and Nobody Explodes,,,,,,,,,,,,,,,,,,,,,,,,,,,,,,,,,,,
Destiny Alignment,Desticler,ee38146b-ed28-4d10-bc52-507547d10dbe,Kyara,da031a54-caa3-42a1-9cce-ae9fd6b180b6,,,,won,,,,,Sonic Generations Collection,Peggle Extreme,,,,,,,,,,,,,,,,,,,,,,,,,,,,,,,,,,,
Destiny Alignment,NiceStickman,e5c4c97a-b7c5-46f4-9a2c-a484d5ef255f,Apollo,835afaad-0059-4e39-b24f-24b2c76b1d08,,,,won,,,,,Eraser,Portal,,,,,,,,,,,,,,,,,,,,,,,,,,,,,,,,,,,
Destiny Alignment,Cirpacha,5832186a-2fb1-478f-a3e3-67f8e632ce82,Legion,9b3ba1a6-e3b2-4966-a142-1ffa05002f97,,,,won,,,,,Let's Worm,SEUM,,,,,,,,,,,,,,,,,,,,,,,,,,,,,,,,,,,
Destiny Alignment,Legion,9b3ba1a6-e3b2-4966-a142-1ffa05002f97,Zawy,e4506f59-1c98-4e0b-9d27-eef6ab7ac69b,,,,won,,,,,Lingo,BALLYGON,,,,,,,,,,,,,,,,,,,,,,,,,,,,,,,,,,,
Destiny Alignment,Natalie,75875716-9a2e-44c1-bca4-0ba3aeb7f927,Zelda,16e75bae-270a-48f0-abe9-5de4c81d3784,,,,won,,,,,Lost Potato,Magicat,,,,,,,,,,,,,,,,,,,,,,,,,,,,,,,,,,,
Destiny Alignment,Schmole,f79b9aa8-b7c1-43b9-95e3-c50c35120a22,Legion,9b3ba1a6-e3b2-4966-a142-1ffa05002f97,,,,won,,,,,Russian Subway Dogs,Neon White,,,,,,,,,,,,,,,,,,,,,,,,,,,,,,,,,,,
Destiny Alignment,Desert Stream,f1a98c45-1b13-47f8-a143-428c74b92a54,Fireball,edb19b67-a4c7-4a51-84d4-97cd25f00d45,,,,won,,,,,Flem,Spectraball,,,,,,,,,,,,,,,,,,,,,,,,,,,,,,,,,,,
Destiny Alignment,Oatmeal,a2e5c171-b85f-41af-b4b1-0db99a76f290,Emma,5d63666a-964c-45bb-be81-85510ed1f20c,,,,won,,,,,Clustertruck,Neon White,,,,,,,,,,,,,,,,,,,,,,,,,,,,,,,,,,,
Destiny Alignment,Yesnt,39b21858-e503-4faf-8889-b5e786bae018,ssqwpola,0953baed-fb96-4651-9fe0-9db13f0b94a6,,,,won,,,,,Spelunky 2,Micro Platformer,,,,,,,,,,,,,,,,,,,,,,,,,,,,,,,,,,,
Destiny Alignment,Cirpacha,5832186a-2fb1-478f-a3e3-67f8e632ce82,Legion,9b3ba1a6-e3b2-4966-a142-1ffa05002f97,,,,won,,,,,NEO NEO,Umbral Omen,,,,,,,,,,,,,,,,,,,,,,,,,,,,,,,,,,,
Destiny Alignment,Ben,9eb48426-4d19-4278-9fae-e66fc3daecce,Yesnt,39b21858-e503-4faf-8889-b5e786bae018,,,,won,,,,,Donut Dodo,Keep Talking and Nobody Explodes,,,,,,,,,,,,,,,,,,,,,,,,,,,,,,,,,,,
Destiny Alignment,Razman,345b76fd-759f-42b5-944c-e40a2aaf03a9,Samiversal,7b89c1d7-b408-477c-aeee-444e97ad6fd4,,,,won,,,,,SUPERVOID,Tasty Planet,,,,,,,,,,,,,,,,,,,,,,,,,,,,,,,,,,,
Destiny Alignment,Schmole,f79b9aa8-b7c1-43b9-95e3-c50c35120a22,Kingconn,5053c1de-d3cf-4c5e-92e8-ec90607cde11,,,,won,,,,,Ninjin: Clash of Carrots,Umihara Kawase Shun,,,,,,,,,,,,,,,,,,,,,,,,,,,,,,,,,,,
Destiny Alignment,Schmole,f79b9aa8-b7c1-43b9-95e3-c50c35120a22,Cirpacha,5832186a-2fb1-478f-a3e3-67f8e632ce82,,,,won,,,,,Trombone Champ,Will You Snail?,,,,,,,,,,,,,,,,,,,,,,,,,,,,,,,,,,,
Soul Mates,Folkius,67bce20e-3306-4b83-8027-d6894d474740,Sr. Douglas,ae791c2c-8946-495b-83a5-01fcc963f89e,,,,won,,,,,Dig Dog,,,,,,,,,,,,,,,,,,,,,,,,,,,,,,,,,,,,
Soul Mates,Vantier,150799a6-9f03-48e2-8724-25f69405ce27,Loyal,36cb85be-ab7b-4293-b7ac-c2920297eaa2,,,,won,,,,,GrappleWell,,,,,,,,,,,,,,,,,,,,,,,,,,,,,,,,,,,,
Soul Mates,Nuepiyoo,42eeb080-51e4-403d-9330-23dadd5d8e79,kiehi,bc54ac04-976e-4d7b-b24e-bfb52c6db0fa,,,,won,,,,,Titan Souls,,,,,,,,,,,,,,,,,,,,,,,,,,,,,,,,,,,,
Soul Mates,Ramia,992f86df-6327-47f7-ba0c-0212126c0aaf,からあげ,c8958519-547b-4171-aec7-b3988cfedabd,,,,won,,,,,Jumpgrid,,,,,,,,,,,,,,,,,,,,,,,,,,,,,,,,,,,,
Soul Mates,KingConn,5053c1de-d3cf-4c5e-92e8-ec90607cde11,Pralkarz,a3ff12e0-b942-407e-bff0-c0065d6c509d,,,,won,,,,,Bloodroots,,,,,,,,,,,,,,,,,,,,,,,,,,,,,,,,,,,,
Soul Mates,Pralkarz,a3ff12e0-b942-407e-bff0-c0065d6c509d,Feuzaed,1f440d1d-462a-4665-a45a-efab06b8353c,,,,won,,,,,Last Command,,,,,,,,,,,,,,,,,,,,,,,,,,,,,,,,,,,,
Soul Mates,Lake,fb0eea6e-8b3a-482f-962a-28ab2762dce9,mbed,2ae3c150-b450-4173-b7ca-ed33d3ff4d4e,,,,won,,,,,Run Turn Die,,,,,,,,,,,,,,,,,,,,,,,,,,,,,,,,,,,,
Soul Mates,Apollo,835afaad-0059-4e39-b24f-24b2c76b1d08,Tired,1538b2e3-ec4f-476f-8c88-39be21f8d79e,,,,won,,,,,Neon Boost,,,,,,,,,,,,,,,,,,,,,,,,,,,,,,,,,,,,
Soul Mates,Water,bf1c8598-ad57-4b6f-9887-6850520f3092,Brendan,053dcb37-004b-4f17-a318-eb0591c23722,,,,won,,,,,Seraphim,,,,,,,,,,,,,,,,,,,,,,,,,,,,,,,,,,,,
Soul Mates,Wantarou,eebbf608-18b4-4f40-9bbb-1c49b9c64fe0,Uribo,1dac4120-0b2d-4f93-8ad3-c7b971447837,,,,won,,,,,within the blade,,,,,,,,,,,,,,,,,,,,,,,,,,,,,,,,,,,,
Soul Mates,Schmole,f79b9aa8-b7c1-43b9-95e3-c50c35120a22,Legion,9b3ba1a6-e3b2-4966-a142-1ffa05002f97,,,,won,,,,,Angry Video Game Nerd II: ASSimilation,,,,,,,,,,,,,,,,,,,,,,,,,,,,,,,,,,,,
Soul Mates,Cirpacha,5832186a-2fb1-478f-a3e3-67f8e632ce82,Kanra,10730cd6-fd4b-485d-ba32-6f8feb80fd40,,,,won,,,,,Rock of Ages,,,,,,,,,,,,,,,,,,,,,,,,,,,,,,,,,,,,
Teamwork Makes the Dream Work,Wantarou,eebbf608-18b4-4f40-9bbb-1c49b9c64fe0,Uribo,1dac4120-0b2d-4f93-8ad3-c7b971447837,,,,won,,,,,Pizza Tower,Cursed Castilla,Operation STEEL,Fury Unleashed,,,,,,,,,,,,,,,,,,,,,,,,,,,,,,,,,
Teamwork Makes the Dream Work,Natalie,75875716-9a2e-44c1-bca4-0ba3aeb7f927,Calypso,c0225edd-616c-4fdf-a1b4-35351bd8843f,,,,won,,,,,Like Dreamer,Q,Wrack,Steamworld Heist,,,,,,,,,,,,,,,,,,,,,,,,,,,,,,,,,
Teamwork Makes the Dream Work,Koolboom,75360635-954f-4422-aa80-2460ecda0bdf,SakumaDrops,a2032443-ba6a-416a-8ee3-47e8ab918ff8,,,,won,,,,,Shooting Game KARI,ALLTYNEX Second,Colt Canyon,Super High Ball: Pinball Platformer,,,,,,,,,,,,,,,,,,,,,,,,,,,,,,,,,
Teamwork Makes the Dream Work,Nuepiyoo,42eeb080-51e4-403d-9330-23dadd5d8e79,ぎょーざ,750a204e-f26f-4c44-a0bc-1b244d849c0f,,,,won,,,,,Shooting Game KARI,One Step From Eden,Yumori Forest,Miska's Cave,,,,,,,,,,,,,,,,,,,,,,,,,,,,,,,,,
Teamwork Makes the Dream Work,Legion,9b3ba1a6-e3b2-4966-a142-1ffa05002f97,Kingcoon,5053c1de-d3cf-4c5e-92e8-ec90607cde11,,,,won,,,,,Eggcelerate!,Umihara Kawase Shun,Super Lumi Live,Touhou Nemuri Sekai - Wonderful Waking World,,,,,,,,,,,,,,,,,,,,,,,,,,,,,,,,,
